Plant Name,Status,Detail URL
Acacia arabica,Found,https://www.medicinalplants.in/searchpage/showdetails/xplant_id/45fac918d9926161b4ce136f5658e35a
Acacia sp.,Not Found,
Asparagus Sp.,Not Found,
Pistacia vera Linn.,Found,https://www.medicinalplants.in/searchpage/showdetails/xplant_id/962afd4bfe6a603a4a8379ea094fb088
Acacia pennata Willd.,Found,https://www.medicinalplants.in/searchpage/showdetails/xplant_id/0bb1c32b6a6a2631466a0bdf9fb07fb7
Cassia auriculata Linn.,Found,https://www.medicinalplants.in/searchpage/showdetails/xplant_id/6508eac4f485855d8583f31fc94a2c57
Trichodesma indicum R. Br.,Found,https://www.medicinalplants.in/searchpage/showdetails/xplant_id/38ac72734be9d4e7aae2448ad9d8b407
Cajanus cajan (Linn.) Millsp.,Found,https://www.medicinalplants.in/searchpage/showdetails/xplant_id/56cace4947d620fcfd20cee3d4fdb047
Cajanus cajan (Linn.) Millsp. var. bicolor DC.,Found,https://www.medicinalplants.in/searchpage/showdetails/xplant_id/56cace4947d620fcfd20cee3d4fdb047
Cajanus cajan (Linn.) Millsp. var. flavus DC.,Found,https://www.medicinalplants.in/searchpage/showdetails/xplant_id/56cace4947d620fcfd20cee3d4fdb047
Argyria petaloides,Not Found,
Euphorbia acaulis Roxb.,Found,https://www.medicinalplants.in/searchpage/showdetails/xplant_id/a64ac9a5bbe52e06ed81d388de20a7a2
Euphorbia nivulia,Found,https://www.medicinalplants.in/searchpage/showdetails/xplant_id/e43878eaf24531c77e3a4e6193e262b2
Helianthus annuus Linn.,Found,https://www.medicinalplants.in/searchpage/showdetails/xplant_id/f2959c0a634d9bf6dc03583e31d9c980
Aquilaria agallocha Roxb.,Found,https://www.medicinalplants.in/searchpage/showdetails/xplant_id/8b3e943eaf551afe69c37b775b63a810/xclkon/ab3a820d2c99245939f5efc1bd65b84b
Sesbania grandiflora (Linn.) Pers.,Found,https://www.medicinalplants.in/searchpage/showdetails/xplant_id/69094b6f1ba1d0b9964388ec214b1e16
Sesbania grandiflora Pers.,Found,https://www.medicinalplants.in/searchpage/showdetails/xplant_id/69094b6f1ba1d0b9964388ec214b1e16
Artemisia indica.,Not Found,
Solanum dulcamara Linn.,Found,https://www.medicinalplants.in/searchpage/showdetails/xplant_id/ef4542ec2dde339b4d78a30e6a15e5ef
Solanum trilobatum,Found,https://www.medicinalplants.in/searchpage/showdetails/xplant_id/d0f015e923a8a7fecd21531b35aaf763
Solanum trilobatum Linn.,Found,https://www.medicinalplants.in/searchpage/showdetails/xplant_id/d0f015e923a8a7fecd21531b35aaf763
Clerodendron phlomoids & Premna integrifolia,Not Found,
Clerodendrum phlomidis Linn. f.,Not Found,
Premna integrifolia Linn.,Found,https://www.medicinalplants.in/searchpage/showdetails/xplant_id/8fc11e5625b0f5fed76e2cf94077badf/xclkon/909b06e753c2bd0afc7083883e1e057b
Premna latifolia Roxb. var. mucronata Clarke,Found,https://www.medicinalplants.in/searchpage/showdetails/xplant_id/12370f71eed869823b3dd9ee8c2e6872
Premna latifolia Var. mucronata Clarke.,Found,https://www.medicinalplants.in/searchpage/showdetails/xplant_id/12370f71eed869823b3dd9ee8c2e6872
Premna mucronata Roxb.,Found,https://www.medicinalplants.in/searchpage/showdetails/xplant_id/12370f71eed869823b3dd9ee8c2e6872/xclkon/b0cac0a544fb082997b8a21d69c887a9
Clerodendrum sp.,Not Found,
Clerodendron phlomidis,Not Found,
Premna integrifolia,Found,https://www.medicinalplants.in/searchpage/showdetails/xplant_id/8fc11e5625b0f5fed76e2cf94077badf/xclkon/909b06e753c2bd0afc7083883e1e057b
Premna sp.,Not Found,
Papaver somnifrum Linn.,Not Found,
Bacopa monnieri (Linn.) Pennell.,Found,https://www.medicinalplants.in/searchpage/showdetails/xplant_id/297fcf5c215cc8b1a93d83ac1763b38b
Podophyllum hexandra Royle,Not Found,
Citrus sp.,Not Found,
Grewia sp.,Not Found,
Saussurea gossipifolia Don.,Not Found,
Saussuria gossypifolia Don.,Not Found,
Elsholtzia cristata Willd.,Not Found,
Gynandropis pentaphylla,Not Found,
Gynandropsis gynandra (Linn.) Briquet.,Found,https://www.medicinalplants.in/searchpage/showdetails/xplant_id/be71e62bf02d88c81ae5ce1101fa92f6/xclkon/037d5a51f00073cebf73cf5af61a91ed
Ocimum basilicum Linn.,Found,https://www.medicinalplants.in/searchpage/showdetails/xplant_id/ac85a1dcb3ffc32786f88e3307605202
Thymus serpyllum Linn.,Found,https://www.medicinalplants.in/searchpage/showdetails/xplant_id/864390e41471024ac71fcfada20e4a86
Cleome viscosa,Found,https://www.medicinalplants.in/searchpage/showdetails/xplant_id/b7f630b552d8b61583d0338e65f95129
Gynandropis Gynantra,Not Found,
Arisaema Sp.,Not Found,
Dipterocarpus sp.,Not Found,
Dipterocarpus turbinatus Gaertn.f.,Found,https://www.medicinalplants.in/searchpage/showdetails/xplant_id/c0079351bb60f9dd4362d867582c9cb8
Not identified,Not Found,
Apium graveolens Linn.,Found,https://www.medicinalplants.in/searchpage/showdetails/xplant_id/7782f3ecbc08d61e8a52665f2a8008f7
Carum Roxburghianum (DC) Craib.,Found,https://www.medicinalplants.in/searchpage/showdetails/xplant_id/de4d1df014cf5312e958df4df1806039/xclkon/6b2601bec467a4dd8f4a15e9bd127db7
T. stictocarpum (C.B. Clake) Wolff.,Not Found,
Nephrodium sp.,Not Found,
Gymnema sylvestre R. Br.,Found,https://www.medicinalplants.in/searchpage/showdetails/xplant_id/59a883322a70a566044a436da0136c5b
Anacyclus pyrethrum DC.,Found,https://www.medicinalplants.in/searchpage/showdetails/xplant_id/29bd74b20f0de681f842ae11ae181b2f
Cassytha filiformis Linn.,Found,https://www.medicinalplants.in/searchpage/showdetails/xplant_id/ed43dbfd597a20d586af076f4be9766c
Cuscuta reflexa Roxb.,Found,https://www.medicinalplants.in/searchpage/showdetails/xplant_id/cf140f02c95666e65f05a5700e60bb96
Cuscuta chinensis Lam.,Not Found,
Evolvulus nummularius Linn.,Found,https://www.medicinalplants.in/searchpage/showdetails/xplant_id/72c50cf4194abca091300b0bdc9ec335
Merremia emarginata (Burm.f.) Hallier f.,Found,https://www.medicinalplants.in/searchpage/showdetails/xplant_id/f914465bab5b5ed0307908b9d8856abd
Evolvulus nummularis Linn.,Not Found,
Merremia emarginata (Burm.f.) Hallier.f.,Found,https://www.medicinalplants.in/searchpage/showdetails/xplant_id/f914465bab5b5ed0307908b9d8856abd
"Ctenolepis cerasiformis, Naud",Not Found,
Phaseolus lunatus Linn.,Found,https://www.medicinalplants.in/searchpage/showdetails/xplant_id/68082995869e371287e15f5af82cfbb7
Alangium begonifolium Harm.,Found,https://www.medicinalplants.in/searchpage/showdetails/xplant_id/d5ef82028fbfed914facaca3462e8a13
Alangium begonifolium Harms.,Found,https://www.medicinalplants.in/searchpage/showdetails/xplant_id/d5ef82028fbfed914facaca3462e8a13
Dillenia pentagyna Roxb.   .,Found,https://www.medicinalplants.in/searchpage/showdetails/xplant_id/69187c98d65911f2688eb248130c3568
Euphoria longan Steud.     .,Not Found,
Morinda coreia Buch-Ham.,Found,https://www.medicinalplants.in/searchpage/showdetails/xplant_id/d880bd02d3f20d29c4b2349028ac9771/xclkon/8000d14555500e2a572e668f497cc32a
Morinda tinctoria Roxb.,Found,https://www.medicinalplants.in/searchpage/showdetails/xplant_id/d880bd02d3f20d29c4b2349028ac9771/xclkon/70d372d3a394a201f3c13b154c20d3ef
Ctenilepis cerasiformis Naud.,Not Found,
Moringa oleifera Lam.,Found,https://www.medicinalplants.in/searchpage/showdetails/xplant_id/4c45dd2346e183a1b3eb331f170875e4
Juglans regia Linn.,Found,https://www.medicinalplants.in/searchpage/showdetails/xplant_id/11e4cbea9f5182fa889b1fcadffdc016
Biophytum sensitivum (Linn.) DC.,Found,https://www.medicinalplants.in/searchpage/showdetails/xplant_id/6573a5cac5da2acce6f8a44fd672af77
Sphaeranthus indicus Linn.,Found,https://www.medicinalplants.in/searchpage/showdetails/xplant_id/ec08cd45797746e57adca9c7e0c516d7/xclkon/85f71eab3c1210d29a3d7648f55163c1
Calotropis gigantea (Linn.) R.Br.ex Ait.,Found,https://www.medicinalplants.in/searchpage/showdetails/xplant_id/9154e8f7b6a3cdddea2f4dd0a1076f89
Vigna cylindrica Skeels,Found,https://www.medicinalplants.in/searchpage/showdetails/xplant_id/c119f5f402c2eb87c8fbd6915b5bb359/xclkon/ebcc565688815a5cbd3111892818c030
Lagenaria siceraria (Mol.) Standl.,Found,https://www.medicinalplants.in/searchpage/showdetails/xplant_id/5e94437cadafc8b817a3bd21f1e4b408
Lagenaria siceraria Standl.,Found,https://www.medicinalplants.in/searchpage/showdetails/xplant_id/5e94437cadafc8b817a3bd21f1e4b408
Dioscorea sp.,Not Found,
Solanum tuberosum Linn.,Found,https://www.medicinalplants.in/searchpage/showdetails/xplant_id/9c3167d1e5b9fabac59ac7b38467287e
Dioscorea alata Linn.,Found,https://www.medicinalplants.in/searchpage/showdetails/xplant_id/a7817c7b665e147d63907527195d6390
Dioscorea bulbifera Linn.,Found,https://www.medicinalplants.in/searchpage/showdetails/xplant_id/dfd4a6b00896920d5ef8dab3477cf1f0
Dioscorea deltoidea Wall.,Not Found,
Dioscorea esculanta Burkill.,Found,https://www.medicinalplants.in/searchpage/showdetails/xplant_id/9c95aea5d88345b75c9f6230bc83a8f4
Dioscorea glabra Roxb.,Found,https://www.medicinalplants.in/searchpage/showdetails/xplant_id/4daba113f453290ce1e9ededa3b91bd1/xclkon/ba06afad3f2ab89ccc863d1f26569868
Dioscorea hispida Dennst.,Found,https://www.medicinalplants.in/searchpage/showdetails/xplant_id/2d0040698f764a73e55cc595a6b119fd
Dioscorea species.,Not Found,
Colocasia esculenta (Linn.) Schott.,Found,https://www.medicinalplants.in/searchpage/showdetails/xplant_id/d261ad160748e7170f7a11df570890b8
Emblica officinalis Gaertn.,Found,https://www.medicinalplants.in/searchpage/showdetails/xplant_id/479d2a25bb4439110c4f488df1dcb80d
Cascuta reflexa Roxle.,Not Found,
Cassyatha filiformis Linn.,Not Found,
Psidium guajava Linn.,Found,https://www.medicinalplants.in/searchpage/showdetails/xplant_id/3fdda2688c27df3027657e00882c20d6
Hibiscus cannabinus Linn.,Found,https://www.medicinalplants.in/searchpage/showdetails/xplant_id/f5ac4ac0df18faf0f3690fcbc62b47bb
Quercus infectoria Oliv.,Found,https://www.medicinalplants.in/searchpage/showdetails/xplant_id/6d449075122ad5431210243c5b0409b7
Quercus sp.,Not Found,
Tamarix sp.,Not Found,
Amorphophallus bulbifer Blume.,Found,https://www.medicinalplants.in/searchpage/showdetails/xplant_id/fb2679ef2da3c86bd49d7589178a9c24
Rheum emodi Wall.,Found,https://www.medicinalplants.in/searchpage/showdetails/xplant_id/ea4fb864aa3c10b37d96891780e8f80d/xclkon/94ab5244458883469449752bdfa07266
Vitis trifolia Linn.,Found,https://www.medicinalplants.in/searchpage/showdetails/xplant_id/e7ea06f9bc70c074b1835c99ea418e25/xclkon/10b4256aff4d8d15fbf38003805312cc
Rhapontic Rhubarb,Not Found,
Rheum moorcroftianum Royle,Found,https://www.medicinalplants.in/searchpage/showdetails/xplant_id/0e315155b80eb1a65ebb3ffe44d6349b
Rheum nobile Hook. f. & Thomas,Found,https://www.medicinalplants.in/searchpage/showdetails/xplant_id/e321b5fda24746fd21196a9864b12952
Rheum officinale Baill.,Found,https://www.medicinalplants.in/searchpage/showdetails/xplant_id/ffcdb9b41b8016ae5f68dd16c2401b8e
Rheum palmatum Linn.,Found,https://www.medicinalplants.in/searchpage/showdetails/xplant_id/14e79958793738ecf40d9bcc67572a1e
Rheum rhaponticum Linn.,Found,https://www.medicinalplants.in/searchpage/showdetails/xplant_id/6f822c14910fcd41c589ce4fbac73638
Rheum spiciforma Royle,Not Found,
Rheum webbianum Royle,Found,https://www.medicinalplants.in/searchpage/showdetails/xplant_id/806bdd3ef1e26ed56022f6420579b2aa
Garcinia pedunculata Roxb.,Found,https://www.medicinalplants.in/searchpage/showdetails/xplant_id/4363b8d76a07b506e416768ec9f1e085
Garcinia sp.,Not Found,
Garcinia xanthochymous Hook.,Not Found,
Rheum emodi,Found,https://www.medicinalplants.in/searchpage/showdetails/xplant_id/ea4fb864aa3c10b37d96891780e8f80d/xclkon/94ab5244458883469449752bdfa07266
Rheum emodi Wall ex Meissn.,Found,https://www.medicinalplants.in/searchpage/showdetails/xplant_id/ea4fb864aa3c10b37d96891780e8f80d/xclkon/94ab5244458883469449752bdfa07266
Rheum sp.,Not Found,
Dioscorea oppositifolia.,Not Found,
Tamarindus indica Linn.,Found,https://www.medicinalplants.in/searchpage/showdetails/xplant_id/01649c8cebf19249351228352a1554c0
Mangifera indica Linn.,Found,https://www.medicinalplants.in/searchpage/showdetails/xplant_id/8a83ef9a6450c46b4347fb66fd4858d4
Curcuma amada Roxb.,Found,https://www.medicinalplants.in/searchpage/showdetails/xplant_id/065e6d7e61e18b5f7c50f5bdfc40f6a0
Spondias pinnata Kurz.,Found,https://www.medicinalplants.in/searchpage/showdetails/xplant_id/dc3cec560f8e0b621a87c3ccd6bd42c1
Spondias pinnata (Linn.f.),Found,https://www.medicinalplants.in/searchpage/showdetails/xplant_id/dc3cec560f8e0b621a87c3ccd6bd42c1
Vitis latifolia Roxb.,Found,https://www.medicinalplants.in/searchpage/showdetails/xplant_id/beb3faba27082ce4d413aa8a31cc8c48/xclkon/819c4bafbc6e3d93682042e058d5ef7f
Desmodium gangeticum DC.,Found,https://www.medicinalplants.in/searchpage/showdetails/xplant_id/71688619ee80ca1586b852585d848fdf
Pseudarthria viscida W. and A.,Found,https://www.medicinalplants.in/searchpage/showdetails/xplant_id/b47a06886c3cab1c6a18e709acb4d932
Ananas comosus (Linn.) Merr.,Found,https://www.medicinalplants.in/searchpage/showdetails/xplant_id/55c2d936ec6213a126e67e6e7c3ca5ba
Strychnos colubrina Linn.,Found,https://www.medicinalplants.in/searchpage/showdetails/xplant_id/25e0dd121cb70c8593ee55a204ce27d3
Hardwickia binata Roxb.,Found,https://www.medicinalplants.in/searchpage/showdetails/xplant_id/65b4d66e9985b680dd52893f6e47fb5f
Ceropegia bulbosa Roxb.,Found,https://www.medicinalplants.in/searchpage/showdetails/xplant_id/db5270316f2791db0f918ec444f1dcbb
Euryale ferox Salisb.,Found,https://www.medicinalplants.in/searchpage/showdetails/xplant_id/22db21f1ed2d93adc974613f2ed29738
Alangium salvifolium (Linn.f.) Wang.,Found,https://www.medicinalplants.in/searchpage/showdetails/xplant_id/2ed95f3d53b344394870ef34c7d83b4d
Claviceps purpuea Fr. Tul.,Not Found,
Ipomoea hederacea (Linn.) Jacq.,Found,https://www.medicinalplants.in/searchpage/showdetails/xplant_id/9f13d5c4cf5dd852153786e862ccb1e6/xclkon/9451fee415a015d3ffc717eb3c944225
Ipomoea nil (Linn.) Roxb.,Found,https://www.medicinalplants.in/searchpage/showdetails/xplant_id/9f13d5c4cf5dd852153786e862ccb1e6
Achyranthes aspera Linn.,Found,https://www.medicinalplants.in/searchpage/showdetails/xplant_id/00476847af4ebbbd31e6dad28ea1f00f
Pupalia lappacea Moq.,Not Found,
Achyranthes aspera,Found,https://www.medicinalplants.in/searchpage/showdetails/xplant_id/00476847af4ebbbd31e6dad28ea1f00f
Clitorea ternatea.,Not Found,
Ocimum sp.,Not Found,
Cassia fistula Linn.,Found,https://www.medicinalplants.in/searchpage/showdetails/xplant_id/b652fb54216db83110ef00b2c5262ae5
"Cassia fistula, Linn.",Not Found,
Ailanthus excelsa,Found,https://www.medicinalplants.in/searchpage/showdetails/xplant_id/e4521218e11cf72cabb8fb1be26a8ee8
Ailanthus excelsa Roxb.,Found,https://www.medicinalplants.in/searchpage/showdetails/xplant_id/e4521218e11cf72cabb8fb1be26a8ee8
Ailanthus malabarica DC.,Found,https://www.medicinalplants.in/searchpage/showdetails/xplant_id/3f075267567d9f08a94830469ee35d1e/xclkon/5058dc3d282dfffed8a318c4edc27810
Centratherum anthelminticum Kuntze.,Found,https://www.medicinalplants.in/searchpage/showdetails/xplant_id/21e566ad80c6135f91fb60ec06d72722
Zingiber cassumunar Roxb.,Found,https://www.medicinalplants.in/searchpage/showdetails/xplant_id/8bf34852aef42d5e44e1c82922502777/xclkon/795a7d6efc19df80fefa713d54394a7f
Cassia fistula,Found,https://www.medicinalplants.in/searchpage/showdetails/xplant_id/b652fb54216db83110ef00b2c5262ae5
Acacia leucophloea Willd.,Found,https://www.medicinalplants.in/searchpage/showdetails/xplant_id/6b2b940657b1a4bc69ae71ccd0ba533d
Sapindus mukorossi Gaertn.,Found,https://www.medicinalplants.in/searchpage/showdetails/xplant_id/f34abf9c21d4c39fcd57b42d49d46f0b
Sapindus trifoliatus Linn.,Found,https://www.medicinalplants.in/searchpage/showdetails/xplant_id/3f06b66e8ce15124d085ee5eab60bbf4
Orthosiphon pallidus Royle.,Found,https://www.medicinalplants.in/searchpage/showdetails/xplant_id/3d0fb65c05e574a8e8075055678894b2
Lagerstromcea flos-regina. ?,Not Found,
Sterculia urens,Found,https://www.medicinalplants.in/searchpage/showdetails/xplant_id/d2812c751d8ab321390af1b261bb465c
Terminalia Arjuna,Found,https://www.medicinalplants.in/searchpage/showdetails/xplant_id/99fb9bdc36beb315723723c5c92057a3
Terminalia arjuna (Roxb.) W. & A.,Found,https://www.medicinalplants.in/searchpage/showdetails/xplant_id/99fb9bdc36beb315723723c5c92057a3
Terminalia arjuna W. & A.,Found,https://www.medicinalplants.in/searchpage/showdetails/xplant_id/99fb9bdc36beb315723723c5c92057a3
Terminalia glabra,Not Found,
Terminalia tomentosa,Found,https://www.medicinalplants.in/searchpage/showdetails/xplant_id/86057de192d9bbcf3e44e0e5333f2b64/xclkon/5cf3224103a3f496a17796df9c4cee99
Calotropis gigantia (Linn.),Not Found,
Calotropis procera,Found,https://www.medicinalplants.in/searchpage/showdetails/xplant_id/c76266822323a28653a10f8f215007d2
Calotropis procera (Ait) R. Br.,Found,https://www.medicinalplants.in/searchpage/showdetails/xplant_id/c76266822323a28653a10f8f215007d2
Calotropis sp.,Not Found,
Calotropis procera (Ait.) R. Br.,Found,https://www.medicinalplants.in/searchpage/showdetails/xplant_id/c76266822323a28653a10f8f215007d2
Tylophora indica (Burm.f.) Merr.,Found,https://www.medicinalplants.in/searchpage/showdetails/xplant_id/1549400588c63584c7fe0037adf8a4e2
Tylophora indica (Burm.f.) Merrill.,Found,https://www.medicinalplants.in/searchpage/showdetails/xplant_id/1549400588c63584c7fe0037adf8a4e2
Holostemma annulare K. Schum.,Found,https://www.medicinalplants.in/searchpage/showdetails/xplant_id/2f42783f900654860eeaaf874ba4b205/xclkon/5cd8f2df6a0511b125d894f68cdd3ea7
Holostemma rheedei Wall.,Not Found,
Acanthus ilicifolius Linn.,Found,https://www.medicinalplants.in/searchpage/showdetails/xplant_id/39f4bd15dec15e6a599486339b42a928
Xanthium strumarium Linn.,Found,https://www.medicinalplants.in/searchpage/showdetails/xplant_id/a6c4c00d412decc379dffdf3a3f2f183/xclkon/78e6e86a1149baabefd201c66b007d25
Prunus domestica Linn.,Found,https://www.medicinalplants.in/searchpage/showdetails/xplant_id/7d16ba6afd98028ff082f01e8c97fd18
Prunus persica Batsch.,Found,https://www.medicinalplants.in/searchpage/showdetails/xplant_id/2bf56a0d5e41aedc5b6c3540f9851c05
Bridelia montana,Found,https://www.medicinalplants.in/searchpage/showdetails/xplant_id/0ac39a5388fb238319c53c0a748a1849
Bridelia sp.,Not Found,
Pterocarpus marsupium Roxb.,Found,https://www.medicinalplants.in/searchpage/showdetails/xplant_id/cde24b212ae1e7d501b49de188e18766
Terminalia sp.,Not Found,
Terminalia tomentosa.,Not Found,
Uraria picta Desv.,Found,https://www.medicinalplants.in/searchpage/showdetails/xplant_id/f4e82744c0c8bde20d33e0ab5275ea5e
Canavalia gladiata (Jacq.) DC.,Found,https://www.medicinalplants.in/searchpage/showdetails/xplant_id/3b4655846cbe42dc6e7077bb62f44b4a
Elaeodendron glaucum Pers.,Found,https://www.medicinalplants.in/searchpage/showdetails/xplant_id/7727492ab9aa7dcdfa024d295d8072ae/xclkon/89fd92fe97aae8b3f6342686bbc8dacf
Bauhinia malabarica Roxb.,Found,https://www.medicinalplants.in/searchpage/showdetails/xplant_id/af2ce0dc28ca3530302c33ad673efb7f
Bauhinia racemosa Lam.,Found,https://www.medicinalplants.in/searchpage/showdetails/xplant_id/6c2b4c5010227c6fe9941b648c2f055d
Bauhinia sp.,Not Found,
Bauhinia tomentosa Linn.,Found,https://www.medicinalplants.in/searchpage/showdetails/xplant_id/aec7323fe050ef19bbba0d307154dbce
Bauhinia vahlii W. & A.,Found,https://www.medicinalplants.in/searchpage/showdetails/xplant_id/bdde7b4fb44547c717301fdfe633c6ca
Ficus oppositae folia Willed.,Not Found,
Ficus religiosa,Found,https://www.medicinalplants.in/searchpage/showdetails/xplant_id/c9206123b72aebbce3bfd5030761c172
Ficus rumphii Blume,Found,https://www.medicinalplants.in/searchpage/showdetails/xplant_id/9ed5a2ad43771eeec245a2ba852f03b2
Ficus rumphii Blume.,Found,https://www.medicinalplants.in/searchpage/showdetails/xplant_id/9ed5a2ad43771eeec245a2ba852f03b2
Ficus cordifolia Roxb.,Not Found,
Ficus sp.,Not Found,
Urginea indica.,Not Found,
Bauhinea variegata,Not Found,
Bauhinia variegata.,Not Found,
Palyalthia longifolia,Not Found,
Polyalthia longifolia Thw.,Found,https://www.medicinalplants.in/searchpage/showdetails/xplant_id/b18658531a09aac570466283f6779739
Saraca asoca (Roxb.) De Wilde.,Found,https://www.medicinalplants.in/searchpage/showdetails/xplant_id/b7163d6d0033f6cd3fb15eb2bde54d42
Saraca indica Linn.,Found,https://www.medicinalplants.in/searchpage/showdetails/xplant_id/b7163d6d0033f6cd3fb15eb2bde54d42/xclkon/d1b647103166d4e2f09762d792a45a49
Shorea robusta,Found,https://www.medicinalplants.in/searchpage/showdetails/xplant_id/879ad1938f289a2bb39cd62cc8db3081
Erycibe paniculata Roxb.,Found,https://www.medicinalplants.in/searchpage/showdetails/xplant_id/08881b138837b1539bb51f3685be0cd3
Calatropis gigantea,Not Found,
Clitoria ternatea Linn.,Found,https://www.medicinalplants.in/searchpage/showdetails/xplant_id/a1d8e02df612f312645b458c36c89b1c
Clitoria trenatea,Not Found,
Hemidesmus indicus,Found,https://www.medicinalplants.in/searchpage/showdetails/xplant_id/e2d232e3dcd00751bdf511c1ac0d0195
Vallaris heynei Spreng.,Found,https://www.medicinalplants.in/searchpage/showdetails/xplant_id/0c6b636f728d229222318d0f1987a3de/xclkon/4b0c25e59b722965755f63b289cb24c7
Vallaris solanacea O. Ktze.,Found,https://www.medicinalplants.in/searchpage/showdetails/xplant_id/0c6b636f728d229222318d0f1987a3de
Cissus quadrangularis Linn.,Found,https://www.medicinalplants.in/searchpage/showdetails/xplant_id/685b6edd514a4c36584e487aa2705e14
Brassica nigra (Linn.) Koch.,Found,https://www.medicinalplants.in/searchpage/showdetails/xplant_id/560310f179c922f1c7ad3e150a5878cb
Indigofera trifoliata Linn.,Not Found,
Medicago sativa Linn.,Found,https://www.medicinalplants.in/searchpage/showdetails/xplant_id/c2c8956b2c58f59d80b279ce50f568d6
Melilotus indica (Linn.) All.,Found,https://www.medicinalplants.in/searchpage/showdetails/xplant_id/6a5b2cb08bba465bda3575cea801ee97
Batatas paniculata,Not Found,
Convolvulus Asgandha,Not Found,
Withania aswagandha,Not Found,
Withania somnifera,Found,https://www.medicinalplants.in/searchpage/showdetails/xplant_id/f420a8ab57a668675b6825cc58f4f881
Withania somnifera (Linn.) Dunal.,Found,https://www.medicinalplants.in/searchpage/showdetails/xplant_id/f420a8ab57a668675b6825cc58f4f881
Withania somnifera Dunal,Found,https://www.medicinalplants.in/searchpage/showdetails/xplant_id/f420a8ab57a668675b6825cc58f4f881
Withania somnifera Dunal.,Found,https://www.medicinalplants.in/searchpage/showdetails/xplant_id/f420a8ab57a668675b6825cc58f4f881
Plantago ovata Forsk.,Found,https://www.medicinalplants.in/searchpage/showdetails/xplant_id/d368a65149a1cb54e3722ebc66ff3407
Plantago arenaria,Found,https://www.medicinalplants.in/searchpage/showdetails/xplant_id/d6bb2a156595d4fbe4fb28e9598c13c8
Plantago lanceolata,Found,https://www.medicinalplants.in/searchpage/showdetails/xplant_id/4dde89f3b1f61d86b86c99d12b7cddca
Plantago major,Found,https://www.medicinalplants.in/searchpage/showdetails/xplant_id/eb8ef6385927a7c8d1a7cc599169f808
Salvia aegyptiaca Linn.,Found,https://www.medicinalplants.in/searchpage/showdetails/xplant_id/6de55667981e42e38acc081903432ec6
Dipterocarpus alatus Roxb.,Found,https://www.medicinalplants.in/searchpage/showdetails/xplant_id/d9ff4bc13f5ff0e6620a49895b0100b0
Dipterocarpus macrocarpus Vesque.,Not Found,
Dipterocarpus turbinatus Gaertn. f.,Found,https://www.medicinalplants.in/searchpage/showdetails/xplant_id/c0079351bb60f9dd4362d867582c9cb8
Vitis araneosus Dalz & Gibs ex M. Laws.,Found,https://www.medicinalplants.in/searchpage/showdetails/xplant_id/d7a186dd86ea3a226e2d6d4c52856123/xclkon/d7c7a7b27e2b0f99f0c8f7dc80d03326
Clitoria ternatea,Found,https://www.medicinalplants.in/searchpage/showdetails/xplant_id/a1d8e02df612f312645b458c36c89b1c
Medicago sativa.,Not Found,
Trigonella Foenum graceum.,Found,https://www.medicinalplants.in/searchpage/showdetails/xplant_id/f4f94984f63807963edf1f9876b1b1c9
Ficus religiosa Linn.,Found,https://www.medicinalplants.in/searchpage/showdetails/xplant_id/c9206123b72aebbce3bfd5030761c172
Linum usitatissimum Linn.,Found,https://www.medicinalplants.in/searchpage/showdetails/xplant_id/adb4f68599320ec4cc508da6b4bc430d
Abutilon indicum (Linn.) Sw.,Found,https://www.medicinalplants.in/searchpage/showdetails/xplant_id/fa08ad0afc3fc7eb8f67e8cff5cb0c59
Abutilon indicum (Linn.) SW.,Found,https://www.medicinalplants.in/searchpage/showdetails/xplant_id/fa08ad0afc3fc7eb8f67e8cff5cb0c59
Abutilon indicum Sw.,Found,https://www.medicinalplants.in/searchpage/showdetails/xplant_id/fa08ad0afc3fc7eb8f67e8cff5cb0c59
Araceae,Not Found,
Arisaema sp.,Not Found,
Heracleum canescens Lindl.,Not Found,
Peucedanum dhana Ham.,Not Found,
Peucedanum nagpurens Prain.,Not Found,
Trachyspermum falconeri (C.B.Cl.) Walff.,Not Found,
Umbelliferae,Not Found,
Hiptage benghalensis Kurz.,Found,https://www.medicinalplants.in/searchpage/showdetails/xplant_id/4d0ae3b25c382375dad0c0e6935416ed
Aconitum heterophyllum,Found,https://www.medicinalplants.in/searchpage/showdetails/xplant_id/3a4a1d24321fcdd41a76080099a1cd83
Aconitum heterophyllum Wall.,Found,https://www.medicinalplants.in/searchpage/showdetails/xplant_id/3a4a1d24321fcdd41a76080099a1cd83
Aconitum palmatum D. Don,Found,https://www.medicinalplants.in/searchpage/showdetails/xplant_id/1dd4bdb4fdf04a0c3cac083768bd8de8/xclkon/6f37388d3ce6a637065ac4063cbd2fa0
Cayratia carnosa,Found,https://www.medicinalplants.in/searchpage/showdetails/xplant_id/e7ea06f9bc70c074b1835c99ea418e25/xclkon/3cb3893feaa9ec674602d38d0e8625b1
Vitis pentaphylla,Not Found,
Physalis minima Linn.,Found,https://www.medicinalplants.in/searchpage/showdetails/xplant_id/5ff9145d6e604e401343c4d074dd47fc
Helicteres isora Linn.,Found,https://www.medicinalplants.in/searchpage/showdetails/xplant_id/38a584df4e3681cfcec0c76b9237291c
Helicteres isora Linn. Var. glabrescens,Found,https://www.medicinalplants.in/searchpage/showdetails/xplant_id/38a584df4e3681cfcec0c76b9237291c
Helicteres isora Linn. Var. tomentosa,Found,https://www.medicinalplants.in/searchpage/showdetails/xplant_id/38a584df4e3681cfcec0c76b9237291c
Eupatorium triplinerve Vahl.,Found,https://www.medicinalplants.in/searchpage/showdetails/xplant_id/5b59b1be20119e838a4aa24944e75e04
Acacia arabica Willd.,Found,https://www.medicinalplants.in/searchpage/showdetails/xplant_id/45fac918d9926161b4ce136f5658e35a
Acacia arabica Willd. var cupressiformis Stewart.,Found,https://www.medicinalplants.in/searchpage/showdetails/xplant_id/45fac918d9926161b4ce136f5658e35a
Acacia arabica Willd. var vediana Cooke,Found,https://www.medicinalplants.in/searchpage/showdetails/xplant_id/45fac918d9926161b4ce136f5658e35a
Ziziphus mauritiana Lam.,Found,https://www.medicinalplants.in/searchpage/showdetails/xplant_id/d4be669d5491e9e967e8dd354e7842f9
Zizyphus jujuba Lam.,Not Found,
Zizyphus mauritiana Lam.,Not Found,
Ziziphus jujuba Mill.,Found,https://www.medicinalplants.in/searchpage/showdetails/xplant_id/d4be669d5491e9e967e8dd354e7842f9/xclkon/a802dbf8338be8bd2acb962b3dd37d8e
Ziziphus nummularia (Burm.f.) W. & A.,Found,https://www.medicinalplants.in/searchpage/showdetails/xplant_id/ebd86fb6fe761f8ebcb9834ab1af19d7
Ziziphus xylopyra Willd.,Not Found,
Osmanthus sp.,Not Found,
Rhododendron sp.,Not Found,
Psoralea corylifolia Linn.,Found,https://www.medicinalplants.in/searchpage/showdetails/xplant_id/7d5c64dd141617fa93021990a4463e04
Psoralia corylifolia Linn.,Not Found,
Mimusops elengi Linn.,Found,https://www.medicinalplants.in/searchpage/showdetails/xplant_id/246aaeb04e3f6bef0fa0e1a5e1dc1412
Mismusops elengi Linn.,Not Found,
Osmanthns fragrans Linn.,Not Found,
Sida acuta Burm.,Found,https://www.medicinalplants.in/searchpage/showdetails/xplant_id/4af721d8784614f3c53d06bd68f96fbb
Sida cordifolia Linn.,Found,https://www.medicinalplants.in/searchpage/showdetails/xplant_id/34446040e9133df970adbe916df9ce16
Sida Retus Linn.,Found,https://www.medicinalplants.in/searchpage/showdetails/xplant_id/f515ce55a8d91b689252333d88280a02
Sida rhombifolia Linn.,Found,https://www.medicinalplants.in/searchpage/showdetails/xplant_id/66adc2910b86fe10b651ba566ad346f5
Sida acuta Burm. f.,Found,https://www.medicinalplants.in/searchpage/showdetails/xplant_id/4af721d8784614f3c53d06bd68f96fbb
Sida spinosa Linn.,Found,https://www.medicinalplants.in/searchpage/showdetails/xplant_id/7621992d08641c0676e7761e5775f25f/xclkon/5e97d527ce4dc1d2979d24bec30ac556
Sida veronicaefolia Lam.,Found,https://www.medicinalplants.in/searchpage/showdetails/xplant_id/47d9f33c2a99b8b51b28030e753d04d0/xclkon/9c6177f2f60b2904e11a8cd2266f55ba
Coleus vettiveroides K. C. Jacob,Found,https://www.medicinalplants.in/searchpage/showdetails/xplant_id/6007c870591a343a9b7fd10100c6a673/xclkon/5a4d727005f2daa46088539165de4ef2
Valeriana hardwickii Wall.,Found,https://www.medicinalplants.in/searchpage/showdetails/xplant_id/cc75fd98be263a011e1e2c483d5e5835
Valeriana sp.,Not Found,
Eulaliopsis binata (Retz.) C.E. Hubbard.,Found,https://www.medicinalplants.in/searchpage/showdetails/xplant_id/c35204ade11bae51d579a1cd451a2fbf
Imperata arundinacea Cyrill.,Found,https://www.medicinalplants.in/searchpage/showdetails/xplant_id/c620ecc4b2b2cb4bfb6ca2386c95648e/xclkon/3283951d6828b361f6cc05d42faa22cb
Bambusa arundinacea Retz.,Found,https://www.medicinalplants.in/searchpage/showdetails/xplant_id/c1b3bf4ab82b51c86164353d81c0b5d6
Curcuma angustifolia Roxb.,Found,https://www.medicinalplants.in/searchpage/showdetails/xplant_id/7da4fbe5de4a338d9f86253428b0534e
Dandrocalamus strictus,Not Found,
Avicennia officinalis Linn.,Found,https://www.medicinalplants.in/searchpage/showdetails/xplant_id/c98c9aa609e27c661c9007391ab11adf
Avicennia tomentosa jacq.,Not Found,
Barleria sp.,Not Found,
Rhizophora sp.,Not Found,
Dendrophthoe falcata (Linn.f.) Ettingshaysen,Found,https://www.medicinalplants.in/searchpage/showdetails/xplant_id/c90f8a2b28b3cbebb4cd1fb3068ad5a7
Pentapetes phoenicea Linn.,Found,https://www.medicinalplants.in/searchpage/showdetails/xplant_id/7c7037565523923a4f80c7c40784ce52
Ocimum basilicum Linn. Var. basilicum,Found,https://www.medicinalplants.in/searchpage/showdetails/xplant_id/ac85a1dcb3ffc32786f88e3307605202
Ocimum basilicum Linn. Var. majus,Found,https://www.medicinalplants.in/searchpage/showdetails/xplant_id/ac85a1dcb3ffc32786f88e3307605202
Ocimum basilicum Linn. Var. pilosum,Found,https://www.medicinalplants.in/searchpage/showdetails/xplant_id/ac85a1dcb3ffc32786f88e3307605202
Actiniopteris dichotoma Bedd.,Found,https://www.medicinalplants.in/searchpage/showdetails/xplant_id/c65a146c4229249af042aa4bc939d153/xclkon/d9acf89f65f3437a2ddd7cf67ba41f1e
Celosia argentea Linn.,Found,https://www.medicinalplants.in/searchpage/showdetails/xplant_id/e9685512bf1908889701b8896bc9df7e/xclkon/848e8c8237d8eee63d638995a9a77fa0
Elephantopus scaber Linn.,Found,https://www.medicinalplants.in/searchpage/showdetails/xplant_id/d033dab259cf3199674520640011fbcc
Oplismenus burmannii (Retz.) Beauv.,Found,https://www.medicinalplants.in/searchpage/showdetails/xplant_id/aed207a01dbbe0f18fa3b13379a2d5f5
Peucedanum grande,Found,https://www.medicinalplants.in/searchpage/showdetails/xplant_id/4ec87b98039205e1dd3bf6d7946178a9
Peucedanum grande C.B.C.,Found,https://www.medicinalplants.in/searchpage/showdetails/xplant_id/4ec87b98039205e1dd3bf6d7946178a9
Cyperus scariosus R. Br.,Found,https://www.medicinalplants.in/searchpage/showdetails/xplant_id/c7ffdfc896e068bed55aa1a3391b5455
Semecargus anacardium Linn.f.,Not Found,
Semecarpus anacardium Linn.,Found,https://www.medicinalplants.in/searchpage/showdetails/xplant_id/56f6ea2d1adfb66a5efbdc15bffa898a
Clerodendrum infortunatum Linn.,Found,https://www.medicinalplants.in/searchpage/showdetails/xplant_id/61aca8af9e2ff47571e7f3a376edc7b7
Clerodendrum serratum,Found,https://www.medicinalplants.in/searchpage/showdetails/xplant_id/6899e21f6e238d27f39d9e28e5e5fdf0
Hibiscus esculentus Linn.,Found,https://www.medicinalplants.in/searchpage/showdetails/xplant_id/0cd0d9e6bdcca7b488e56438adea6097/xclkon/ae955e38e1388c00e213fb56667a06a7
Clerodendrum phlomidis,Not Found,
Cannabis sativa Linn.,Found,https://www.medicinalplants.in/searchpage/showdetails/xplant_id/ecd201452a1b2725f9d85e58abdbbf8b
Clerodendron infortunatum,Not Found,
Clerodendrum indicum (Linn.) Ktze.,Found,https://www.medicinalplants.in/searchpage/showdetails/xplant_id/11a902a8540ab674473d82c5288adfff
Clerodendrum serratum (Linn.) Moon,Found,https://www.medicinalplants.in/searchpage/showdetails/xplant_id/6899e21f6e238d27f39d9e28e5e5fdf0
Gardenia turgida Roxb.,Found,https://www.medicinalplants.in/searchpage/showdetails/xplant_id/6bb9d3aea548d0c03d32110a380503f0/xclkon/26f3f8ddeba2ef7e2b3e6f57b63aef8c
Picrasma quassioides Benn.,Found,https://www.medicinalplants.in/searchpage/showdetails/xplant_id/1aae8891c6df4b711d19e75adb4dff29
Clerodendrum indicum,Found,https://www.medicinalplants.in/searchpage/showdetails/xplant_id/11a902a8540ab674473d82c5288adfff
Clerodendrum indicum (Linn.) Kuntze,Found,https://www.medicinalplants.in/searchpage/showdetails/xplant_id/11a902a8540ab674473d82c5288adfff
Clerodendrum indicum (Linn.) Kutze.,Found,https://www.medicinalplants.in/searchpage/showdetails/xplant_id/11a902a8540ab674473d82c5288adfff
Clerodendrum serratum (Linn.)Moon.,Found,https://www.medicinalplants.in/searchpage/showdetails/xplant_id/6899e21f6e238d27f39d9e28e5e5fdf0
Clerodendrum serratum(Linn.) Moon.,Not Found,
Clerodendrum siphonanthess,Not Found,
Elaeodendron sp.,Not Found,
Gardenia turgida.,Not Found,
Picrasma quaissioides Ben.,Not Found,
Premna herbacea Roxb.,Found,https://www.medicinalplants.in/searchpage/showdetails/xplant_id/9c48ca77a9908748268302def511b2fd/xclkon/52fa30b5df253887ecdd13f575f5a359
Quassia Picrasmaguassiodes. Ben.,Not Found,
Dillenia indica Linn.,Found,https://www.medicinalplants.in/searchpage/showdetails/xplant_id/92478f184b06729a77ad133894a6ebb9
Dellenia pentagyna Roxb.,Not Found,
Euonymus pendulous Wall.,Not Found,
Euonymus tingens Wall.,Found,https://www.medicinalplants.in/searchpage/showdetails/xplant_id/df01cee33836cba312fecaab581c208c
Chloroxylon swietenia DC.,Found,https://www.medicinalplants.in/searchpage/showdetails/xplant_id/f58fad5075f14dec125fa4713a45ad04
Euonymus tingens,Found,https://www.medicinalplants.in/searchpage/showdetails/xplant_id/df01cee33836cba312fecaab581c208c
Hibiscus esculenta Linn.,Not Found,
Hymenodictyon excelsum Wall.,Found,https://www.medicinalplants.in/searchpage/showdetails/xplant_id/21fd547f4d494d07cb6c4471820fd2dc/xclkon/6609de9df0709f1f6de0e1443feb01eb
Eclipta alba,Found,https://www.medicinalplants.in/searchpage/showdetails/xplant_id/ebdf4cc43c22f9b9ef56093a924611d9/xclkon/8eb2faa62f552ed9c850bb651d691938
Eclipta alba Hassk.,Found,https://www.medicinalplants.in/searchpage/showdetails/xplant_id/ebdf4cc43c22f9b9ef56093a924611d9/xclkon/8eb2faa62f552ed9c850bb651d691938
Wedelia chinensis Merrill.,Found,https://www.medicinalplants.in/searchpage/showdetails/xplant_id/102b6ca8bd8a182ab3633a7f6a2ce63a
Wedelia colendulacea,Not Found,
Tridax procumbens Linn.,Found,https://www.medicinalplants.in/searchpage/showdetails/xplant_id/1ab83c76f1c09cacf351ac6476d2541c
Wedelia calendulacea,Found,https://www.medicinalplants.in/searchpage/showdetails/xplant_id/102b6ca8bd8a182ab3633a7f6a2ce63a/xclkon/ede32769e1251127845a6503533a0bb4
Wedelia calendulacea Less.,Found,https://www.medicinalplants.in/searchpage/showdetails/xplant_id/102b6ca8bd8a182ab3633a7f6a2ce63a/xclkon/ede32769e1251127845a6503533a0bb4
Alectra parasitica,Not Found,
Hymendictyon excelsum Wall.,Not Found,
Mushrooms - terrestrial,Not Found,
Phyllanthus urinaria Linn.,Found,https://www.medicinalplants.in/searchpage/showdetails/xplant_id/55a5adee3303b062f867bdd9c73aa21d
Phyllanthus fraternus Webster,Found,https://www.medicinalplants.in/searchpage/showdetails/xplant_id/9e9ee1b9797378a2017dccfbe718c6dc/xclkon/ab69e0b52792413f6f99ceb82a6c27af
Phyllanthus madraspatensis Linn.,Not Found,
Phyllanthus simplex Retz.,Not Found,
Andrographis paniculata Nees.,Found,https://www.medicinalplants.in/searchpage/showdetails/xplant_id/74fd26aaa5ce2fc2932d2d8056aaf796
Betula utilis D. Don,Found,https://www.medicinalplants.in/searchpage/showdetails/xplant_id/9caf4bf1850b735cd5190dc76441947c
Betula utilis D. Don.,Found,https://www.medicinalplants.in/searchpage/showdetails/xplant_id/9caf4bf1850b735cd5190dc76441947c
Hyptis suaveolens Poit.,Found,https://www.medicinalplants.in/searchpage/showdetails/xplant_id/1656cb1b511a149d9533ff43a5d68eda
Leucas sp.,Not Found,
Corydalis sp.,Not Found,
Nardostachys sp.,Not Found,
Selinium sp.,Not Found,
Selinum sp.,Not Found,
Terminalia belerica Roxb.,Not Found,
Cydonia oblonga Mill.,Found,https://www.medicinalplants.in/searchpage/showdetails/xplant_id/fd5b25419bb4598994c89112b10727ad
Pterocarppus marsupium Roxb.,Not Found,
Pterocarpus marsupium.,Not Found,
Citrus medica,Found,https://www.medicinalplants.in/searchpage/showdetails/xplant_id/edc66f84c9453b06304c7525a493c644
Citrus medica Linn.,Found,https://www.medicinalplants.in/searchpage/showdetails/xplant_id/edc66f84c9453b06304c7525a493c644
Aegle marmelos,Found,https://www.medicinalplants.in/searchpage/showdetails/xplant_id/7b3ca01fe9518816abcdf821a6675858
Aegle marmelos Corr.,Found,https://www.medicinalplants.in/searchpage/showdetails/xplant_id/7b3ca01fe9518816abcdf821a6675858
Limonia crenulata Roxb.,Found,https://www.medicinalplants.in/searchpage/showdetails/xplant_id/88b6416bfbb3910dc4dbcde8c2703e96/xclkon/0312fbdd9006634079d7473884dd4c7d
Ocimum gratissimum Linn.,Found,https://www.medicinalplants.in/searchpage/showdetails/xplant_id/894fdf8bd1c5d0213b26d907179a3120
Coccinia indica W. & A.,Found,https://www.medicinalplants.in/searchpage/showdetails/xplant_id/383d8e5b2416efb02908d6731a765bcb/xclkon/cbd92dc7c7c926e211344c479e61cff9
Coccinia indica W. and A.,Found,https://www.medicinalplants.in/searchpage/showdetails/xplant_id/383d8e5b2416efb02908d6731a765bcb/xclkon/cbd92dc7c7c926e211344c479e61cff9
Commiphora myrrha (Nees) Engl.,Found,https://www.medicinalplants.in/searchpage/showdetails/xplant_id/62b4c58d8e0366dc7366d335ad7ae585
Commiphora abyssinica Engl.,Found,https://www.medicinalplants.in/searchpage/showdetails/xplant_id/1279c5d461c155e3e97800d75dd0ea4d
Commiphora molmol Engl. ex Tschirch,Found,https://www.medicinalplants.in/searchpage/showdetails/xplant_id/2bb5dc38947331d8e2031d0f4fc36a0b
Commiphora schimperi Engl.,Found,https://www.medicinalplants.in/searchpage/showdetails/xplant_id/0ac84bcb4b6ec199d3d9c8b0120cb57f
Argemone mexicana,Found,https://www.medicinalplants.in/searchpage/showdetails/xplant_id/5e93a9d29c6a195665eb396e6fedb15e
Tricholepis glabberima,Not Found,
Tricholepis glaberrima DC.,Found,https://www.medicinalplants.in/searchpage/showdetails/xplant_id/2f57a77e2ee2a731b67113510c90833a
Voluntarella divarticata,Not Found,
Xanthium Strumarium Linn.,Found,https://www.medicinalplants.in/searchpage/showdetails/xplant_id/a6c4c00d412decc379dffdf3a3f2f183/xclkon/78e6e86a1149baabefd201c66b007d25
Ammannia baccifera Linn.,Found,https://www.medicinalplants.in/searchpage/showdetails/xplant_id/c05a5a1b7e849f7ab137257ed941dead
Drosera burmanni Vahl.,Not Found,
Drosera peltata Sm.,Not Found,
Gynandropsis sp.,Not Found,
Helianthus sp.,Not Found,
Malva sp.,Not Found,
Alternanthera sessilis,Found,https://www.medicinalplants.in/searchpage/showdetails/xplant_id/b1f3091dde540ab224f51a6d7eded07a
Alternanthera sessilis (Linn.) R. Br.,Found,https://www.medicinalplants.in/searchpage/showdetails/xplant_id/b1f3091dde540ab224f51a6d7eded07a
Alternanthera sessilis Linn.,Found,https://www.medicinalplants.in/searchpage/showdetails/xplant_id/b1f3091dde540ab224f51a6d7eded07a
Bacopa moneira,Not Found,
Bacopa monniera,Not Found,
Bacopa monnieri (Linn.) Pennell,Found,https://www.medicinalplants.in/searchpage/showdetails/xplant_id/297fcf5c215cc8b1a93d83ac1763b38b
Centella asiatica (Linn.) Urban,Found,https://www.medicinalplants.in/searchpage/showdetails/xplant_id/530fa0427b8083e0804865ed9412308e
Hydrocotyle javanica Thunb.,Not Found,
Hydrocotyle rotundifolia Roxb.,Not Found,
Amomum subulatum Roxb.,Found,https://www.medicinalplants.in/searchpage/showdetails/xplant_id/d9d4015c990cc5f8b85ce17dc9245952
Amomum aromaticum Roxb.,Found,https://www.medicinalplants.in/searchpage/showdetails/xplant_id/ea1ee008cb9a85e4c08c692df4b6bdd5
Amomum xanthioides Wall.,Found,https://www.medicinalplants.in/searchpage/showdetails/xplant_id/4b4639016d5bc42e019812b3091a66a1
Solanum indicum,Found,https://www.medicinalplants.in/searchpage/showdetails/xplant_id/3557bcc2088029a90eab184cfd7ff1e2/xclkon/014ee9436ba3b3b4d4dfff54fddddd72
Solanum indicum Linn.,Found,https://www.medicinalplants.in/searchpage/showdetails/xplant_id/3557bcc2088029a90eab184cfd7ff1e2/xclkon/014ee9436ba3b3b4d4dfff54fddddd72
Solanum insanum Roxb.,Found,https://www.medicinalplants.in/searchpage/showdetails/xplant_id/f1b4d62fca64de2eb2eeaf1e6d3c61e1/xclkon/2fd77ce1b83df13257cebf1af142564d
Solanum torvum Swartz,Found,https://www.medicinalplants.in/searchpage/showdetails/xplant_id/7b6dd3c6f37a291782a1fba746563e72
Solanum torvum Swartz.,Found,https://www.medicinalplants.in/searchpage/showdetails/xplant_id/7b6dd3c6f37a291782a1fba746563e72
Ipomoea sp.,Not Found,
Osmanthus fragrans Lour.,Found,https://www.medicinalplants.in/searchpage/showdetails/xplant_id/3dcb90e58c555ab05253bed522d49c12
Cassia tora Linn.,Found,https://www.medicinalplants.in/searchpage/showdetails/xplant_id/e775a38d16f490fae110e80291cc8710
Cassia obtusifolia,Found,https://www.medicinalplants.in/searchpage/showdetails/xplant_id/9dc99ed01cd75337be1fe40729cf37a6
Cassia absus Linn.,Found,https://www.medicinalplants.in/searchpage/showdetails/xplant_id/acbc05d9fef4a6e8501f55ec4323d5b8
Ampelocissus Araneosa Planch.,Found,https://www.medicinalplants.in/searchpage/showdetails/xplant_id/d7a186dd86ea3a226e2d6d4c52856123
Michelia champaca Linn.,Found,https://www.medicinalplants.in/searchpage/showdetails/xplant_id/8582ec2fd3dc3aefecd75589825be340
Michelia champaka Linn.,Not Found,
Cicer arietinum Linn.,Found,https://www.medicinalplants.in/searchpage/showdetails/xplant_id/48d2814b7156a21811cadfc158d252d5
Cicer kabulium,Not Found,
Corchorus acutangulus Linn.,Found,https://www.medicinalplants.in/searchpage/showdetails/xplant_id/08c0c96081f014ea5954247764d44fec/xclkon/548ed26baa93d20c8bd43fc0ab2cb975
Corchorus aestuans Linn.,Found,https://www.medicinalplants.in/searchpage/showdetails/xplant_id/08c0c96081f014ea5954247764d44fec
Corchorus capsularis Linn.,Found,https://www.medicinalplants.in/searchpage/showdetails/xplant_id/006105bb42e8f415f95b7846d37431d2
Corchorus olitorius Linn.,Found,https://www.medicinalplants.in/searchpage/showdetails/xplant_id/f2e597b3619ea7550c30df72f5aba9fe
Corchorus sp.,Not Found,
Corchorus trilocularis Linn.,Found,https://www.medicinalplants.in/searchpage/showdetails/xplant_id/bfbbfa00b3ae842bb12575e6e6214f34
Heliotropium indicum,Found,https://www.medicinalplants.in/searchpage/showdetails/xplant_id/c9fb71a0860e0d8a65c8c53554b10171
Heliotropium indicum Linn.,Found,https://www.medicinalplants.in/searchpage/showdetails/xplant_id/c9fb71a0860e0d8a65c8c53554b10171
Angelica archangelica Linn.,Found,https://www.medicinalplants.in/searchpage/showdetails/xplant_id/a93cd2c8313d4a96587d3016a7f27027
Santalum album Linn.,Found,https://www.medicinalplants.in/searchpage/showdetails/xplant_id/02a1bdae809d3173d78a248d4e65c0fe
Santalum Linn.,Not Found,
Pterocarpus santalinus Linn.,Found,https://www.medicinalplants.in/searchpage/showdetails/xplant_id/7ad2e15c6824666f30999d5a3856a7ab
Lepidium sativum Linn.,Found,https://www.medicinalplants.in/searchpage/showdetails/xplant_id/b9bf5471eb2d105f4354cba4cac4dd74
Eragrostis tremula Hochst.,Found,https://www.medicinalplants.in/searchpage/showdetails/xplant_id/9a0716b27b21e0d3116a6e70f6b1d6db
Ehretia laevis Roxb.,Found,https://www.medicinalplants.in/searchpage/showdetails/xplant_id/d329b135a1331fbffcfc9843b56582d8
Ehretia laevis Var. pubescens.,Found,https://www.medicinalplants.in/searchpage/showdetails/xplant_id/d329b135a1331fbffcfc9843b56582d8
Oxalis acetosella Linn.,Found,https://www.medicinalplants.in/searchpage/showdetails/xplant_id/7896558b58b3f1c2797dd9aa72ed8b84
Oxalis corniculata,Found,https://www.medicinalplants.in/searchpage/showdetails/xplant_id/0ef91fd7704967eb83c9addd59ecd7ed
Oxalis corniculata Linn.,Found,https://www.medicinalplants.in/searchpage/showdetails/xplant_id/0ef91fd7704967eb83c9addd59ecd7ed
Oxalis latifolia H.B. & K.,Found,https://www.medicinalplants.in/searchpage/showdetails/xplant_id/4f57f757094dd4166b1b3d3f7301a020
Podophyllum sp.,Not Found,
Artemesia maritima Linn.,Not Found,
Artemisia maritima Linn.,Found,https://www.medicinalplants.in/searchpage/showdetails/xplant_id/125f618790fe26adac71053fc6318dbc
Balanophora Species.,Not Found,
Peper chaba,Not Found,
Piper betel,Found,https://www.medicinalplants.in/searchpage/showdetails/xplant_id/9f461c5fc4028cb583868fc315c34470/xclkon/32d85bf12297cd316a17c10ff9bdbc80
Piper betle Linn.,Found,https://www.medicinalplants.in/searchpage/showdetails/xplant_id/9f461c5fc4028cb583868fc315c34470
Piper chaba Hunter.,Found,https://www.medicinalplants.in/searchpage/showdetails/xplant_id/fd9f5cb9d41fda0052cc6e85fd31c396/xclkon/28cc4ca56beebaf750ac2335c5c27c4f
Piper retrofractum Vahl.,Found,https://www.medicinalplants.in/searchpage/showdetails/xplant_id/fd9f5cb9d41fda0052cc6e85fd31c396
Plantago amplexicaules,Not Found,
Pothos officinalis,Found,https://www.medicinalplants.in/searchpage/showdetails/xplant_id/312284a17b66b7954b1450c51bf9f9ea/xclkon/9ddf481389c7735ec761877cc27ae8de
Scindapsis officinale,Not Found,
Curcuma sp.,Not Found,
Ipomoea pes-caprae (Linn.) Sw.,Found,https://www.medicinalplants.in/searchpage/showdetails/xplant_id/cd17d767c8804c44d255f80bc72e82a7
Ipomoea pes-caprae Sw.,Found,https://www.medicinalplants.in/searchpage/showdetails/xplant_id/cd17d767c8804c44d255f80bc72e82a7
Agaricus campestris Linn.,Found,https://www.medicinalplants.in/searchpage/showdetails/xplant_id/cf287e196320e52c1b7acb05d65234fb
Cocculus hirsutus (Linn.) Diels.,Found,https://www.medicinalplants.in/searchpage/showdetails/xplant_id/b74787dcd245410c2572109ed4355418
Cyprus esculentus Linn.,Not Found,
Scirpus articulatus Linn.C.B. Clarke,Found,https://www.medicinalplants.in/searchpage/showdetails/xplant_id/89f67f6be2dcf28186fd57b047396e53
Trichosanthus anguina Linn.,Not Found,
Chenopodium album Linn.,Found,https://www.medicinalplants.in/searchpage/showdetails/xplant_id/37433532fc0b9d0a01eb34d733ee80ab
Panicum miliaceum Linn.,Found,https://www.medicinalplants.in/searchpage/showdetails/xplant_id/d2a417478f87b9f6ca986577f43c9ac7
Panicum milliaceum Linn.,Not Found,
Holoptelea integrifolia Planch.,Found,https://www.medicinalplants.in/searchpage/showdetails/xplant_id/cc770f24c1495e96320e0cc11f45ed25
Holoptelia integrifolia Planch.,Not Found,
Cucumis melo var. momordica Duthie and Fuller.,Found,https://www.medicinalplants.in/searchpage/showdetails/xplant_id/3f9fc1a32c034cded111ff12e3f7465e
Trichosanthes anguina Linn.,Found,https://www.medicinalplants.in/searchpage/showdetails/xplant_id/f7cedd9933155d80eb3d2383c720264b
Plumbago zeylanica Linn.,Found,https://www.medicinalplants.in/searchpage/showdetails/xplant_id/4e26d09c1e6acf5635e3706863976684
Plumbago capensis,Found,https://www.medicinalplants.in/searchpage/showdetails/xplant_id/2170b3c5bc674471fe4d42f5b13f4855/xclkon/92eadf0b2b53171a8757322853dfbeb1
Plumbago capensis Thunb.,Found,https://www.medicinalplants.in/searchpage/showdetails/xplant_id/2170b3c5bc674471fe4d42f5b13f4855/xclkon/92eadf0b2b53171a8757322853dfbeb1
Plumbago auriculata Lam.,Found,https://www.medicinalplants.in/searchpage/showdetails/xplant_id/2170b3c5bc674471fe4d42f5b13f4855
Plumbago indica Linn.,Found,https://www.medicinalplants.in/searchpage/showdetails/xplant_id/83837ff5d724f0fb1f964041ebc9926e
Plumbago rosea,Found,https://www.medicinalplants.in/searchpage/showdetails/xplant_id/83837ff5d724f0fb1f964041ebc9926e/xclkon/4f4519b9e97e1b36dd2280de591a2090
Plumbago rosea Linn.,Found,https://www.medicinalplants.in/searchpage/showdetails/xplant_id/83837ff5d724f0fb1f964041ebc9926e/xclkon/4f4519b9e97e1b36dd2280de591a2090
Vogelia indica,Not Found,
Cinnamomum cassia Blume,Found,https://www.medicinalplants.in/searchpage/showdetails/xplant_id/070a8611df63adbabc863c70655be9c5/xclkon/5150f3a5762515a27a654f409c8d32a9
Cinnamomum cassia Blume.,Found,https://www.medicinalplants.in/searchpage/showdetails/xplant_id/070a8611df63adbabc863c70655be9c5/xclkon/5150f3a5762515a27a654f409c8d32a9
Cinnamomum tamala Nees and Eberm.,Found,https://www.medicinalplants.in/searchpage/showdetails/xplant_id/a2f427bdd69c3196852735873010d367
Smilax china Linn.,Found,https://www.medicinalplants.in/searchpage/showdetails/xplant_id/548e2aa378038bef7b03daf4fe911fb7
Smilax glabra Roxb.,Found,https://www.medicinalplants.in/searchpage/showdetails/xplant_id/752adf6fd39d666b4c30eae580e40873
Smilax lanceifolia Roxb.,Found,https://www.medicinalplants.in/searchpage/showdetails/xplant_id/043d2158b1783720e6473daad512c87d
Smilax ovalifolia Roxb.,Found,https://www.medicinalplants.in/searchpage/showdetails/xplant_id/c5bbd21c68d6600161b35db289954851
Angela glauca,Not Found,
Angelica glauca Edgew,Found,https://www.medicinalplants.in/searchpage/showdetails/xplant_id/fe3a748f48ebb5be177ca76bd959f6e6
Angelica glauca Edgew.,Found,https://www.medicinalplants.in/searchpage/showdetails/xplant_id/fe3a748f48ebb5be177ca76bd959f6e6
Angelica glauca Edgw.,Found,https://www.medicinalplants.in/searchpage/showdetails/xplant_id/fe3a748f48ebb5be177ca76bd959f6e6
Ficus altissima Blume.,Found,https://www.medicinalplants.in/searchpage/showdetails/xplant_id/d6278598f20a17066fe44bb1b1f8e3b1
Ficus cunia Ham.,Found,https://www.medicinalplants.in/searchpage/showdetails/xplant_id/d2b93a9ada387510b79141919cfc3fcf/xclkon/0c84bb615d7d9a3c0eb1949373cdd4e6
Rumex vesicarius Linn.,Found,https://www.medicinalplants.in/searchpage/showdetails/xplant_id/82ee479df7b71790d00d70335df36d1d
Rumex hastatus D. Don.,Not Found,
Rumex acetosella Linn.,Found,https://www.medicinalplants.in/searchpage/showdetails/xplant_id/a2f1b84b986ede45f62a55e81d167029
Mucuna sp.,Not Found,
Punica granatum Linn.,Found,https://www.medicinalplants.in/searchpage/showdetails/xplant_id/b10eb7ab305c42634ac64419f6ed0f43
Artemisia vulgaris Linn.,Found,https://www.medicinalplants.in/searchpage/showdetails/xplant_id/7475bc38738246669b1af949662b6871/xclkon/170e7c9eedb83a01e5177f4191bbd8d2
Averrhoa carambola Linn.,Found,https://www.medicinalplants.in/searchpage/showdetails/xplant_id/70f29ae5502f8433970fc679ecedd77b
Baliospermum montamum,Not Found,
Baliospermum montanum Muell- Arg.,Found,https://www.medicinalplants.in/searchpage/showdetails/xplant_id/f6de86c1e86de21e2adc9d900f6090cd/xclkon/9880ad72c7fc698adc45355595f69f38
Baliospermum montanum Muell.-Arg.,Found,https://www.medicinalplants.in/searchpage/showdetails/xplant_id/f6de86c1e86de21e2adc9d900f6090cd/xclkon/9880ad72c7fc698adc45355595f69f38
Balisopermum montanum,Not Found,
Jatropha glandulifera Roxb.,Found,https://www.medicinalplants.in/searchpage/showdetails/xplant_id/c69af243f98885334b7cda8ad2f13324
Ricinus communis,Found,https://www.medicinalplants.in/searchpage/showdetails/xplant_id/ab8b2a15b1ed94d74b5d9605be29a51f
Croton sp.,Not Found,
Desmostachya bipinnata Stapf,Found,https://www.medicinalplants.in/searchpage/showdetails/xplant_id/5d5c75320e8249891ff513bfbd3f1008
Imperata cylindrica Beauv.,Found,https://www.medicinalplants.in/searchpage/showdetails/xplant_id/c620ecc4b2b2cb4bfb6ca2386c95648e
Berberis aristata DC.,Found,https://www.medicinalplants.in/searchpage/showdetails/xplant_id/1685daa1d81056ff688084cfe23825e9
Berberis asiatca Rox.,Not Found,
Berberis asiatica Roxb. ex DC.,Found,https://www.medicinalplants.in/searchpage/showdetails/xplant_id/859dd59f42ed55fa20aa69926c77a51a
Berberis aslatica,Not Found,
Berberis lycium Royle,Found,https://www.medicinalplants.in/searchpage/showdetails/xplant_id/c2d76975c2ef9328f9aadea0ba188492
Berberis lycium Royle.,Found,https://www.medicinalplants.in/searchpage/showdetails/xplant_id/c2d76975c2ef9328f9aadea0ba188492
Berberis lycum,Not Found,
Berberis vulgaris Linn.,Not Found,
Coscinium fenestratum,Found,https://www.medicinalplants.in/searchpage/showdetails/xplant_id/7e2189aaaa64f74a73704897a2aa88fe
Berberis asiatica Roxb.,Found,https://www.medicinalplants.in/searchpage/showdetails/xplant_id/859dd59f42ed55fa20aa69926c77a51a
Coscinium fenestratum (Gaertn.) Colebr.,Found,https://www.medicinalplants.in/searchpage/showdetails/xplant_id/7e2189aaaa64f74a73704897a2aa88fe
Luffa echinata Roxb.,Found,https://www.medicinalplants.in/searchpage/showdetails/xplant_id/517e75a67d453c30d1fb46f62bc5d87e
Luffa graveolens Roxb.,Found,https://www.medicinalplants.in/searchpage/showdetails/xplant_id/180009dcf3f64171795122deb79c7be9
Luffa graveolens Roxb. var. longystyla Clarke.,Found,https://www.medicinalplants.in/searchpage/showdetails/xplant_id/180009dcf3f64171795122deb79c7be9
Cedrus deodara (Roxb.) Loud.,Found,https://www.medicinalplants.in/searchpage/showdetails/xplant_id/89b7f1eb2eb5a832b7a26aa6a24e9bf0
Albizzia sp.,Not Found,
Coriandrum sativum Linn.,Found,https://www.medicinalplants.in/searchpage/showdetails/xplant_id/c96edea366b4ee01686906b45fa4ebe5
Oryza sativa Linn.,Found,https://www.medicinalplants.in/searchpage/showdetails/xplant_id/50a88a84c96f84eac60a122e7745fa20
Luffa cylindrica (Linn.) M. Roem.,Found,https://www.medicinalplants.in/searchpage/showdetails/xplant_id/42a309fa9378a8bdc2426fa5e4ddf16f
Luffa cylindrica (Linn.) M.J. Roem.,Found,https://www.medicinalplants.in/searchpage/showdetails/xplant_id/42a309fa9378a8bdc2426fa5e4ddf16f
Fagonia cretica Linn.,Found,https://www.medicinalplants.in/searchpage/showdetails/xplant_id/08d2d4c84f2c73308d0f9d970c1567c0
Grewia optiva Drummon.,Found,https://www.medicinalplants.in/searchpage/showdetails/xplant_id/6a9ba5f60d638c3123d46f9fbfd01169
Grewia tiliaefolia Vahl,Found,https://www.medicinalplants.in/searchpage/showdetails/xplant_id/fd1ba4c8b33bed15c89de85bd0fef5ce
Grewia tiliaefolia Vahl.,Found,https://www.medicinalplants.in/searchpage/showdetails/xplant_id/fd1ba4c8b33bed15c89de85bd0fef5ce
Colocasia sp.,Not Found,
Woodfordia fruticosa Kurz.,Found,https://www.medicinalplants.in/searchpage/showdetails/xplant_id/fe4e9d9a910ad9264ff9819d1c103904
Datura innoxia Mill.,Found,https://www.medicinalplants.in/searchpage/showdetails/xplant_id/18ea200817838c090b09790e9f521864
Datura metel Linn.,Found,https://www.medicinalplants.in/searchpage/showdetails/xplant_id/6ff99d5b0189d36345e4af9144ab4151/xclkon/67ec8bd7665d6500bb20a60e4ef3574c
Datura stramonium Linn.,Found,https://www.medicinalplants.in/searchpage/showdetails/xplant_id/ad5a65c663fd952870a71abe7c38d6aa
Anogeissus latifolia Wall.,Found,https://www.medicinalplants.in/searchpage/showdetails/xplant_id/0ad17ae90aa749f0433d78d7c2f35a1d
Anogeissus latifulia Wall.,Not Found,
Lagerstroemia parviflora Roxb.,Not Found,
Mitragyna parviflora korth.,Not Found,
Mitragyna rotundifolia ( Roxb.) Kuntze.,Found,https://www.medicinalplants.in/searchpage/showdetails/xplant_id/d400836b80fe3d7136251c0c365716e6
Mitragyna tubulosa (Arn.) Kuntze. ?,Not Found,
Cymbopogon sp.,Not Found,
Valeriana pyrolaefolia Decne.,Found,https://www.medicinalplants.in/searchpage/showdetails/xplant_id/90ac6bb2da11ca14cdb19026e29584b0
Indigofera oblongifolia Fosk.,Found,https://www.medicinalplants.in/searchpage/showdetails/xplant_id/bf7163ea7caa26db04597f038c2e5165
Citrullus vulgaris Schrad. Var. fistulosus (Stocks,Found,https://www.medicinalplants.in/searchpage/showdetails/xplant_id/fedcd0fee4b5331cc829d963e3211312/xclkon/8ee01b3908df2caefad4c1ff14b5b896
Vitis vinefera Linn.,Not Found,
Vitis vinifera Linn.,Found,https://www.medicinalplants.in/searchpage/showdetails/xplant_id/2131b89761949cb629cb1515252370cc
Baliospermum sinuatum Muell-Arg.,Found,https://www.medicinalplants.in/searchpage/showdetails/xplant_id/b61c446a38833336b45d96d547e2d535
Croton tiglium Linn.,Found,https://www.medicinalplants.in/searchpage/showdetails/xplant_id/43571a504bf9f216f52c30d05b77af64
Jatropha glandulifera,Found,https://www.medicinalplants.in/searchpage/showdetails/xplant_id/c69af243f98885334b7cda8ad2f13324
Jatropha curcas Linn.,Found,https://www.medicinalplants.in/searchpage/showdetails/xplant_id/6ecdf68855a0364e6eb3661e83dccb60
Jatropha gossipifolia Linn.,Not Found,
Leucas cephalotes Spreng.,Found,https://www.medicinalplants.in/searchpage/showdetails/xplant_id/f7a4c676664865e9c0c3e257933d566e
Capparis zeylanica Linn.,Found,https://www.medicinalplants.in/searchpage/showdetails/xplant_id/58291bd7c778fcf41269749eb9425e36
Taraxacum officinale Weber ex Wiggers.,Found,https://www.medicinalplants.in/searchpage/showdetails/xplant_id/2956190e7980e0334b6a89f146d99e11
Taraxacum officinale Weber.,Found,https://www.medicinalplants.in/searchpage/showdetails/xplant_id/2956190e7980e0334b6a89f146d99e11
Daemia extensa,Found,https://www.medicinalplants.in/searchpage/showdetails/xplant_id/3b65c96aefba323b04e893b2f48c8bd9/xclkon/24cf9340e9a5e255b7d82856f6d14c7c
Euphorbia hirta Linn.,Found,https://www.medicinalplants.in/searchpage/showdetails/xplant_id/2e0ced1066486c34d420d287ac7cb0da
Euphorbia hypericifolia Linn.,Found,https://www.medicinalplants.in/searchpage/showdetails/xplant_id/82f13c7c2f496be68410a6f54dd5b901
Euphorbia litra Linn.,Not Found,
Euphorbia microphylla Heyne.,Found,https://www.medicinalplants.in/searchpage/showdetails/xplant_id/59ea8037b22d6815fe304a212a39cd8a
Euphorbia Onicrophylla,Found,https://www.medicinalplants.in/searchpage/showdetails/xplant_id/59ea8037b22d6815fe304a212a39cd8a/xclkon/d5f842064d5932ab4adbe8916e7a84ab
Euphorbia thymifolia,Found,https://www.medicinalplants.in/searchpage/showdetails/xplant_id/21e26bb85bbab718a7f8ca66e21cd10e
Euphorbia thymifolia Linn.,Found,https://www.medicinalplants.in/searchpage/showdetails/xplant_id/21e26bb85bbab718a7f8ca66e21cd10e
Biophytum sensitivum DC.,Found,https://www.medicinalplants.in/searchpage/showdetails/xplant_id/6573a5cac5da2acce6f8a44fd672af77
Cynodon dactylon (Linn.) Pers.,Found,https://www.medicinalplants.in/searchpage/showdetails/xplant_id/b4bff9ff2e61651c614600eaf8529bcb
Cynodon dactylon Pers.,Found,https://www.medicinalplants.in/searchpage/showdetails/xplant_id/b4bff9ff2e61651c614600eaf8529bcb
Cynodon dactylon Pers. Var. suberectum,Found,https://www.medicinalplants.in/searchpage/showdetails/xplant_id/b4bff9ff2e61651c614600eaf8529bcb
Bridelia retusa Spreng.,Found,https://www.medicinalplants.in/searchpage/showdetails/xplant_id/246c1bfc9664c5c7264b7f7e78bdaada
Rheum nobile Hook. f. & Thomas.,Found,https://www.medicinalplants.in/searchpage/showdetails/xplant_id/e321b5fda24746fd21196a9864b12952
Elettaria cardamomum Maton,Found,https://www.medicinalplants.in/searchpage/showdetails/xplant_id/dc9a36679c6be366058571f5b89a9d7e
Elettaria cardamomum Maton.,Found,https://www.medicinalplants.in/searchpage/showdetails/xplant_id/dc9a36679c6be366058571f5b89a9d7e
Elletaria cardamomum,Not Found,
Peucedanum Grande C. B. C.,Found,https://www.medicinalplants.in/searchpage/showdetails/xplant_id/4ec87b98039205e1dd3bf6d7946178a9
Elettaria cardamomum Maton. Var. major Thw.,Found,https://www.medicinalplants.in/searchpage/showdetails/xplant_id/dc9a36679c6be366058571f5b89a9d7e
Elettaria cardamomum Maton. Var. minor Watt.,Found,https://www.medicinalplants.in/searchpage/showdetails/xplant_id/dc9a36679c6be366058571f5b89a9d7e
Amomum Aromaticum Roxb.,Found,https://www.medicinalplants.in/searchpage/showdetails/xplant_id/ea1ee008cb9a85e4c08c692df4b6bdd5
Amomum Subulatum Roxb.,Found,https://www.medicinalplants.in/searchpage/showdetails/xplant_id/d9d4015c990cc5f8b85ce17dc9245952
Alpinia galanga Willd.,Found,https://www.medicinalplants.in/searchpage/showdetails/xplant_id/f9eeb2fe2b90d2e709e35578cfac2019
Prunus cerasus Linn.,Found,https://www.medicinalplants.in/searchpage/showdetails/xplant_id/397ed2aea5b7f7b59968dd8d3d010582
Typha laxmannii Lepech.,Found,https://www.medicinalplants.in/searchpage/showdetails/xplant_id/5c35a1326ca8f7a3a2209ff89070612c
Ricinus communis Linn.,Found,https://www.medicinalplants.in/searchpage/showdetails/xplant_id/ab8b2a15b1ed94d74b5d9605be29a51f
Carica papaya Linn.,Found,https://www.medicinalplants.in/searchpage/showdetails/xplant_id/ff77f8fbcaf19f4a3e2298cdd823512a
Elaeocarpus serratus Linn.,Found,https://www.medicinalplants.in/searchpage/showdetails/xplant_id/93223a8a195ffeb9942a56f67c871d4d
Cucumis utilissimus Roxb.,Found,https://www.medicinalplants.in/searchpage/showdetails/xplant_id/a4f1228958884d0b1d991ee640366154/xclkon/e9e5d138e313019434c1aff43227e08c
Cucumis utilissimus Linn.,Found,https://www.medicinalplants.in/searchpage/showdetails/xplant_id/a4f1228958884d0b1d991ee640366154/xclkon/e9e5d138e313019434c1aff43227e08c
Cucumis melo var. utilissimus Duthie and Fuller.,Found,https://www.medicinalplants.in/searchpage/showdetails/xplant_id/3f9fc1a32c034cded111ff12e3f7465e
Scindapsus officinalis Schott.,Found,https://www.medicinalplants.in/searchpage/showdetails/xplant_id/312284a17b66b7954b1450c51bf9f9ea
Scindapsus sp.,Not Found,
Gmelina arborea Linn.,Found,https://www.medicinalplants.in/searchpage/showdetails/xplant_id/2f7b5cf8d3bddfdbf51e2ed742280d51
Trewia mudiflora,Not Found,
Picrorhiza kurroa,Found,https://www.medicinalplants.in/searchpage/showdetails/xplant_id/3ddfaf61bf4ae28a0eae6a0c86c12fca
Luvunga scandens.,Not Found,
Oryza sativa Linn. var.,Found,https://www.medicinalplants.in/searchpage/showdetails/xplant_id/50a88a84c96f84eac60a122e7745fa20
Rice var.,Not Found,
Rice variety,Not Found,
Myrtus communis Linn.,Found,https://www.medicinalplants.in/searchpage/showdetails/xplant_id/1b30e470b98a6f96c9b54a8b2cac1888
Aristolochia indica,Found,https://www.medicinalplants.in/searchpage/showdetails/xplant_id/7a96b90285b25db221e6727e2fffd19a
Aristolochia indica Linn.,Found,https://www.medicinalplants.in/searchpage/showdetails/xplant_id/7a96b90285b25db221e6727e2fffd19a
Aristolochia sp.,Not Found,
Corallocarpus sp.,Not Found,
Crinum defixum Kar.-Gawl.,Found,https://www.medicinalplants.in/searchpage/showdetails/xplant_id/f98dd8e546b764d41dbf98c57619170d/xclkon/a876ff5e63a1fc44fed06ce5229cab7a
Paederia foetida Linn.,Found,https://www.medicinalplants.in/searchpage/showdetails/xplant_id/dd191b2256841c0623f45a5a76465bc3
Porana paniculata Roxb.,Found,https://www.medicinalplants.in/searchpage/showdetails/xplant_id/740f5a06cc95eb3ea60f291d5e6c83ea
Prunus mahaleb Linn.,Found,https://www.medicinalplants.in/searchpage/showdetails/xplant_id/c28ef0095af12549def683fc1a04f1b5
Albizzia julibrissin Durazz.,Not Found,
Coleus barbatus,Found,https://www.medicinalplants.in/searchpage/showdetails/xplant_id/d475270c2bb8c41834fbbf90657ec8b8/xclkon/b22d750f49ffdde56d4c6af969672a91
Dalbergia sericea G. Don.,Not Found,
Euphorbia species,Not Found,
Amaranthus mangostanus,Found,https://www.medicinalplants.in/searchpage/showdetails/xplant_id/ddaf27e6f3e104858d9b0cae48ddab01/xclkon/2e2e171aedc0fdf3ca5d4fcd271d9f14
Amaranthus viridis Linn.,Found,https://www.medicinalplants.in/searchpage/showdetails/xplant_id/7f34c13599e6ad5f1122627fb7b83d65
Ranunculus sceleratus Linn.,Found,https://www.medicinalplants.in/searchpage/showdetails/xplant_id/99cf4998ffc968cfd48186dc3836d3cc
Hyptis sp.,Not Found,
Grewia tenax (Forsk.) Aschers. & Schwf.,Found,https://www.medicinalplants.in/searchpage/showdetails/xplant_id/0d55d68ad98158b6b396e904b383e423
Grewia tenax (Forsk.)Aschers & Schwf.,Found,https://www.medicinalplants.in/searchpage/showdetails/xplant_id/0d55d68ad98158b6b396e904b383e423
Pterospermum canescens,Found,https://www.medicinalplants.in/searchpage/showdetails/xplant_id/51126f098d000139264adcbc683b963e/xclkon/9d44864894f073a87a9fae970ddf5827
Daucas carota Var. sativa Linn.,Not Found,
Coix gigantea Koenig ex Roxb.,Found,https://www.medicinalplants.in/searchpage/showdetails/xplant_id/4e76ee7583451d27e82260ab25485141
Coix lachryma-jobi Linn.,Not Found,
Coix lacryma-jobi Linn.,Found,https://www.medicinalplants.in/searchpage/showdetails/xplant_id/09e7b96175c6095e6029028b5d8a1557
Crotalaria sp.,Not Found,
Portulaca sp.,Not Found,
Zizyphus xylopyra Willd.,Not Found,
Ceropegia hirsuta W. and A.,Not Found,
Ceropegia tuberosa Roxb.,Found,https://www.medicinalplants.in/searchpage/showdetails/xplant_id/bb4a2f17e43a45c6c40adfce82f77fa0
Triumfetta rotundifolia Lam.,Found,https://www.medicinalplants.in/searchpage/showdetails/xplant_id/427434d878d5f9cdf9926ed3d54ebfab
Mytragyna parviflora Korth.,Not Found,
Symphorema polyandrum Wight.,Not Found,
Coleus barbata.,Not Found,
Tylophora fasciculata Ham. ex Wight.,Found,https://www.medicinalplants.in/searchpage/showdetails/xplant_id/2829e2e811d2932e6010e2ff244b64d3
Triticum aestivum Linn.,Found,https://www.medicinalplants.in/searchpage/showdetails/xplant_id/3a9112b40b7e8b1aa8abd33288fde4c3
Caccinia glauca Savi.Y.) Kuntze.,Not Found,
Launaea asplenifolia Hook.f.,Not Found,
Onosma bracteata Wall.,Not Found,
Anchusa strigosa Lebill.,Found,https://www.medicinalplants.in/searchpage/showdetails/xplant_id/017cafda480d7ca214f09a5728a8a1d8
Coccinia glauca Savi,Found,https://www.medicinalplants.in/searchpage/showdetails/xplant_id/c66398e294c4e6503c294141dc28ba09
Coccinia glauca Savi.,Found,https://www.medicinalplants.in/searchpage/showdetails/xplant_id/c66398e294c4e6503c294141dc28ba09
Elephantopus scaber,Found,https://www.medicinalplants.in/searchpage/showdetails/xplant_id/d033dab259cf3199674520640011fbcc
Launaea sp.,Not Found,
Macrotomia benthamii DC.,Found,https://www.medicinalplants.in/searchpage/showdetails/xplant_id/cd30c7824407b5b2e6b5a148bc973708/xclkon/5af4fbd840250035a30a7b6b7faf11bc
Onosma bracteatum,Found,https://www.medicinalplants.in/searchpage/showdetails/xplant_id/ae4f268a86839c883fea3508b4da1ad8
Onosma bracteatum Wall.,Found,https://www.medicinalplants.in/searchpage/showdetails/xplant_id/ae4f268a86839c883fea3508b4da1ad8
Acanthospermum hispidum DC.,Not Found,
Martynia diandra,Found,https://www.medicinalplants.in/searchpage/showdetails/xplant_id/95a099dc5b93175361cf6464f11c1c08/xclkon/953967b7d49d297b9d071b53c6b3620e
Pedalium murex Linn.,Found,https://www.medicinalplants.in/searchpage/showdetails/xplant_id/433d10cb897d470b0e460215a7c8f2cb
Tribulus terrestris,Found,https://www.medicinalplants.in/searchpage/showdetails/xplant_id/2c36ef2db0f80f2189c83977da274cbc
Tribulus terrestris Linn.,Found,https://www.medicinalplants.in/searchpage/showdetails/xplant_id/2c36ef2db0f80f2189c83977da274cbc
Pedalium murex,Found,https://www.medicinalplants.in/searchpage/showdetails/xplant_id/433d10cb897d470b0e460215a7c8f2cb
Umbelliferae - aromatic plants,Not Found,
Launae sp.,Not Found,
Cyamopsis tetragonaloba (Linn.) Taub.,Not Found,
Ichnocarpus frutescens R. Br.,Found,https://www.medicinalplants.in/searchpage/showdetails/xplant_id/1cddcd30fb0baf1a8330adbd833350f4
Dalbergia lanceolaria Linn.,Found,https://www.medicinalplants.in/searchpage/showdetails/xplant_id/dd928b67254d24bf41b668044954b213
Aerva lanata Juss.,Found,https://www.medicinalplants.in/searchpage/showdetails/xplant_id/dd17f379b080d5226a4174ddbd477a84
Adansonia digitata Linn.,Found,https://www.medicinalplants.in/searchpage/showdetails/xplant_id/edf4adaa930a3cae64cd48af5570c613
Betula sp.,Not Found,
Nelumbium sp.,Not Found,
Brassica oleracea var. gummifera DC.,Found,https://www.medicinalplants.in/searchpage/showdetails/xplant_id/7a5ddfa79ce48a4c186a981111f0ee93
Angelica glauca,Found,https://www.medicinalplants.in/searchpage/showdetails/xplant_id/fe3a748f48ebb5be177ca76bd959f6e6
Brassica oleracea var. gongylods Linn.,Found,https://www.medicinalplants.in/searchpage/showdetails/xplant_id/7a5ddfa79ce48a4c186a981111f0ee93
Clerodendron infortunatum Linn.,Not Found,
Taxus baccata Linn.,Found,https://www.medicinalplants.in/searchpage/showdetails/xplant_id/8aa31f676d373d439a844b0cfc081853/xclkon/88ff95e12ea175e96fff7c57b2563984
Abies pindrow Royle,Found,https://www.medicinalplants.in/searchpage/showdetails/xplant_id/deb4b8751b6f53622e614818f8690d1c
Angelica sp.,Not Found,
Zizyphus jujuba Lam. var. fruticosa Haines,Not Found,
Allium ascalonicum Linn.,Found,https://www.medicinalplants.in/searchpage/showdetails/xplant_id/713f41e8a32ba266c84075c0aa8cfea8
Brassica campestris,Found,https://www.medicinalplants.in/searchpage/showdetails/xplant_id/de2afdb402f93d318113fdb7598cc94f
Daucus carota,Found,https://www.medicinalplants.in/searchpage/showdetails/xplant_id/7ca5a9ca110d0375f77329a66fe54741/xclkon/f56b3cdb07baa0a620ab150f4e304cce
Eulophia campestris,Found,https://www.medicinalplants.in/searchpage/showdetails/xplant_id/1f07cd3aad9c08de84245c9d1ffa41a7
Moringa pterygosperma,Found,https://www.medicinalplants.in/searchpage/showdetails/xplant_id/4c45dd2346e183a1b3eb331f170875e4/xclkon/133bff390fc0bdf0183cb65fb14062f4
Orchis mascula,Not Found,
Urginia indica,Not Found,
Truffles sp.,Not Found,
Lannea grandis (Dennst.) Engl.,Found,https://www.medicinalplants.in/searchpage/showdetails/xplant_id/ce649c9b00910b5bc2e1f3e8b02ca0de/xclkon/e465cb5437e4dc93479de2f06660d391
Grewia hirsuta Vahl.,Found,https://www.medicinalplants.in/searchpage/showdetails/xplant_id/f6bc8eecacb4603ff55b517bd520ce35
Tinospora cordifolia (Willd) Miers ex Hook.f. & Th,Found,https://www.medicinalplants.in/searchpage/showdetails/xplant_id/3a227d75a9ed29dd6632ef3de7bb0289
Tinospora cordifolia (Willd.) Miers.,Found,https://www.medicinalplants.in/searchpage/showdetails/xplant_id/3a227d75a9ed29dd6632ef3de7bb0289
Tinospora crispa (Linn.) Miers ex. Hook f. & Thoms,Not Found,
Tinospora sinensis (Lour.) Merill,Found,https://www.medicinalplants.in/searchpage/showdetails/xplant_id/6afe7a03ff6471d6d529a33af35f7db7
Tinospora sinensis (Lour.) Merill.,Found,https://www.medicinalplants.in/searchpage/showdetails/xplant_id/6afe7a03ff6471d6d529a33af35f7db7
Commiphora mukul (Hook ex Stocks) Engl.,Found,https://www.medicinalplants.in/searchpage/showdetails/xplant_id/8fdf276e71da0de9d2b47bd1003259be/xclkon/2849f8d9923be4d8c111b8b26de96f7c
Commiphora mukul (Hook. ex Stocks) Engl.,Found,https://www.medicinalplants.in/searchpage/showdetails/xplant_id/8fdf276e71da0de9d2b47bd1003259be/xclkon/2849f8d9923be4d8c111b8b26de96f7c
Balsamodendron stocksiana Engl.,Found,https://www.medicinalplants.in/searchpage/showdetails/xplant_id/ee989950b35ddaa0690296b8c1aedacf
Commiphora roxburghii (Arn.) Engl.,Found,https://www.medicinalplants.in/searchpage/showdetails/xplant_id/25b83113b6fab0ab1732d7d7e153df7a/xclkon/ce996220e8cac4254dd54fbf9d183eab
Typha elephantina Roxb.,Found,https://www.medicinalplants.in/searchpage/showdetails/xplant_id/99716c273a6973aaf2f8c64b19a9a67a/xclkon/64802e2f21d5a83c893705969ef3da6b
Abrus precatorius Linn.,Found,https://www.medicinalplants.in/searchpage/showdetails/xplant_id/3a92edd6d0b42cdb2a91f3b6cd4b0624
Abrus pulchellum Wall.,Not Found,
Cardiospermum halicacabum Linn.,Found,https://www.medicinalplants.in/searchpage/showdetails/xplant_id/d35bcc71906513792d99454dd5b22073
Fimbristylis sp.,Not Found,
Typha angustata Bory & Chaub.,Found,https://www.medicinalplants.in/searchpage/showdetails/xplant_id/a558896dba24db198ba0d82f09e264f3
Typha australis Schum. & Thom.,Found,https://www.medicinalplants.in/searchpage/showdetails/xplant_id/99716c273a6973aaf2f8c64b19a9a67a
Iris ensata Thunb.,Found,https://www.medicinalplants.in/searchpage/showdetails/xplant_id/17d9ad4cdc84b5351797987cde65a379
Iris sp.,Not Found,
Paris polyphylla sm.,Found,https://www.medicinalplants.in/searchpage/showdetails/xplant_id/51708232e57f53fb4580f867a845bc58
Iris germanica Linn.,Found,https://www.medicinalplants.in/searchpage/showdetails/xplant_id/3a4923c2765cc4258e9d72b856df7252
Iris nepalensis D. Don.,Found,https://www.medicinalplants.in/searchpage/showdetails/xplant_id/c786c3f7982846b3b59721924a152991
Adianthum lunulatum Burn.,Not Found,
Adiantum lunulatum Burm.,Found,https://www.medicinalplants.in/searchpage/showdetails/xplant_id/24eea74e50c84fcb55c65b6f48d5efe7
Hydrocotyle asiatica,Found,https://www.medicinalplants.in/searchpage/showdetails/xplant_id/530fa0427b8083e0804865ed9412308e/xclkon/f68828469836572adb56e32b1329e6fb
Casearia esculenta Roxb.,Found,https://www.medicinalplants.in/searchpage/showdetails/xplant_id/730d07047139517662a44b8d0f892f9b/xclkon/a3267a89be1c37cdfadd17e7db9f2095
Casearia tomentosa Roxb.,Found,https://www.medicinalplants.in/searchpage/showdetails/xplant_id/855cacf1cd7c24c69d828c7fd975a7c0/xclkon/cd7ca48b2a823acbff062b3ae76fd0b2
Juniperus communis Linn.,Found,https://www.medicinalplants.in/searchpage/showdetails/xplant_id/852f94675efabe6fc78c8fd86448db56
Juniperus macropoda Boiss.,Found,https://www.medicinalplants.in/searchpage/showdetails/xplant_id/ae00c08dc6dc53386a453b9b5ef0c790/xclkon/1965a0dd561a72a71bce72ee6841f907
Lawsonia inermis Linn.,Found,https://www.medicinalplants.in/searchpage/showdetails/xplant_id/87ff7185526f449e897125584c3d7fe5
Piper aurantiacum Wall.,Found,https://www.medicinalplants.in/searchpage/showdetails/xplant_id/2e04ae962e94c90e067a94c5eb8b334a/xclkon/9f420f63249043c8c43e3ea572fe3b58
Vitex agnus-castus Linn.,Not Found,
Vitex negundo Linn.,Found,https://www.medicinalplants.in/searchpage/showdetails/xplant_id/b3c83d263cafe0c7e0656f366178bed2
Syzygium aromaticum (Linn.) Merr. & L.M.Perry.,Found,https://www.medicinalplants.in/searchpage/showdetails/xplant_id/bce5381d0e29d38670508eacc491b6fd
Curcuma longa Linn.,Found,https://www.medicinalplants.in/searchpage/showdetails/xplant_id/d824ee735c42f2b0afd8b4a53f27991e
Adina cordifolia Benth & Hook.f.,Found,https://www.medicinalplants.in/searchpage/showdetails/xplant_id/87d4a9ba28abca7e82c489685da8d49f/xclkon/dd8d81431e8c0a3f802bc182ecc6330d
Terminalia chebula Retz.,Found,https://www.medicinalplants.in/searchpage/showdetails/xplant_id/1c090b5873f7cf6d85f730f4e934ce43
Terminalia citrina Roxb.,Not Found,
Adina cordifolia Benth. and Hook.f.,Found,https://www.medicinalplants.in/searchpage/showdetails/xplant_id/87d4a9ba28abca7e82c489685da8d49f/xclkon/dd8d81431e8c0a3f802bc182ecc6330d
Trichosanthes bracteata (Lam.) Voigt.,Found,https://www.medicinalplants.in/searchpage/showdetails/xplant_id/10c009ddee3335e9c1322070d94244f8/xclkon/d20b123488676803b3a199344d789db9
Leea macrophylla Roxb.,Found,https://www.medicinalplants.in/searchpage/showdetails/xplant_id/bf139623c345de113aa95d9aee260869
Leea macrophylla Roxb. ex Hornem.,Found,https://www.medicinalplants.in/searchpage/showdetails/xplant_id/bf139623c345de113aa95d9aee260869
Butea monosperma,Found,https://www.medicinalplants.in/searchpage/showdetails/xplant_id/cb8c6123872fb49d5b8ffb3be64cabea
Leea macrophylla,Found,https://www.medicinalplants.in/searchpage/showdetails/xplant_id/bf139623c345de113aa95d9aee260869
Perestrophe bicaliculata,Not Found,
Leea macrophylla.,Not Found,
Heliotropium sp.,Not Found,
Dendrobium macraei Lindl.,Not Found,
Pseudo-bulb,Not Found,
Barringtonia acutangula,Found,https://www.medicinalplants.in/searchpage/showdetails/xplant_id/6e400ba7639ad39d4c014b5371b3fa8e
Barringtonia acutangula Gaertn.,Found,https://www.medicinalplants.in/searchpage/showdetails/xplant_id/6e400ba7639ad39d4c014b5371b3fa8e
Barringtonia racemna Roxb.,Not Found,
Enhydra fluctuans Lour.,Found,https://www.medicinalplants.in/searchpage/showdetails/xplant_id/e22e0dc725df3b12dc3a69b30f15b9aa
Capparis sepiaria Linn.,Found,https://www.medicinalplants.in/searchpage/showdetails/xplant_id/b9bebfeaceff48a4d6608e484686b38d
Capparis sp.,Not Found,
Capparis horrida Linn. f.,Found,https://www.medicinalplants.in/searchpage/showdetails/xplant_id/58291bd7c778fcf41269749eb9425e36/xclkon/fe8d7c17a19192cf997ca8ec6288231e
Ferula foetida Regel.,Found,https://www.medicinalplants.in/searchpage/showdetails/xplant_id/00335c344635765232143e3a1763bc09
Ferula galbaniflua Boiss & Buhse,Found,https://www.medicinalplants.in/searchpage/showdetails/xplant_id/f56e5fd7114d573435eb12c0ceae5c64
Ferula jaeschkeana Vatke,Found,https://www.medicinalplants.in/searchpage/showdetails/xplant_id/1936f618ecaa85cce3eeffd0d18518fa
Ferula narthex Boiss.,Found,https://www.medicinalplants.in/searchpage/showdetails/xplant_id/4d26c4f62fa0e1101cbda3fc2a349ff6
Ferula thomsoni C. B. Clarke.,Found,https://www.medicinalplants.in/searchpage/showdetails/xplant_id/afa070fce3d087bba81240ae41f9a6f9
Gardenia gummifera Linn. f.,Found,https://www.medicinalplants.in/searchpage/showdetails/xplant_id/b458f6084bfd1560dc9847485bbba2a3
Setaria sp.,Not Found,
Gardenia gummifera Linn.,Found,https://www.medicinalplants.in/searchpage/showdetails/xplant_id/b458f6084bfd1560dc9847485bbba2a3
Gardenia incida Roxb.,Found,https://www.medicinalplants.in/searchpage/showdetails/xplant_id/622147c97f08a73b8e1068c0ab322e4d
Phyoenix paludosa Roxb.,Not Found,
Coleus sp.,Not Found,
Pavonia odorata Willd.,Found,https://www.medicinalplants.in/searchpage/showdetails/xplant_id/d55a05ca48b7334d7a1601cbef693833
Digitalis purpurea Linn.,Found,https://www.medicinalplants.in/searchpage/showdetails/xplant_id/c440cae0856e418009246cef80594df1
Saccharum officinarum Linn.,Found,https://www.medicinalplants.in/searchpage/showdetails/xplant_id/36028586e0b75e3ae8f04a7d5ba70f81
Saccharum sinense Roxb.,Found,https://www.medicinalplants.in/searchpage/showdetails/xplant_id/22e4d4e89777df7b3155cd7e09a75409
Saceharum sinense Roxb.,Not Found,
Saccharum arundinaceum Retz.,Found,https://www.medicinalplants.in/searchpage/showdetails/xplant_id/73a43799444806a97a890a8dac745dc5
Saccharum spontaneum Linn.,Found,https://www.medicinalplants.in/searchpage/showdetails/xplant_id/eb6ad1ac54a01c1ffaeddace467aa144
Saccharum sp.,Not Found,
Astercantha longifolia,Not Found,
Astercantha longifolia Nees.,Not Found,
Celosia argentea var. cristata Vors.,Found,https://www.medicinalplants.in/searchpage/showdetails/xplant_id/e9685512bf1908889701b8896bc9df7e/xclkon/848e8c8237d8eee63d638995a9a77fa0
Pergularia extensa,Found,https://www.medicinalplants.in/searchpage/showdetails/xplant_id/3b65c96aefba323b04e893b2f48c8bd9/xclkon/7d4db5872a4e19347d0f36a01d4b40f4
Polygonum aviculare Linn.,Found,https://www.medicinalplants.in/searchpage/showdetails/xplant_id/9dc5c3fd971631cd36bbe7c7eb4ad068
Polygonum sp.,Not Found,
Citrullus colocyathis schrad.,Not Found,
Citrullus colocynthis Schard.,Found,https://www.medicinalplants.in/searchpage/showdetails/xplant_id/0dda7b33c0cc4a03b37d976f440b9981
Citrullus colocynthis Schrad.,Found,https://www.medicinalplants.in/searchpage/showdetails/xplant_id/0dda7b33c0cc4a03b37d976f440b9981
Cucumis prophetnrum Linn.,Not Found,
Cucumis trigonous.,Not Found,
Cucumis trigonus Roxb.,Found,https://www.medicinalplants.in/searchpage/showdetails/xplant_id/282641155449618e266d50cc146a9e35/xclkon/98967d8b51a93ffa11ad42d30567fe3a
Trichosanthes palmata Roxb.,Found,https://www.medicinalplants.in/searchpage/showdetails/xplant_id/10c009ddee3335e9c1322070d94244f8/xclkon/9f91fec85fa27e205b8b73f3d416ea6b
Balanites aegyptiaca,Found,https://www.medicinalplants.in/searchpage/showdetails/xplant_id/cdc40766b050f355f72e25ef8060a9b7
Balanites aegyptiaca (Linn.) Delile.,Found,https://www.medicinalplants.in/searchpage/showdetails/xplant_id/cdc40766b050f355f72e25ef8060a9b7
Balanites aegyptiace Del.,Not Found,
Acacia farnisiana Willd.,Not Found,
Hygrophila salicifolia Nees.,Found,https://www.medicinalplants.in/searchpage/showdetails/xplant_id/f7ef210270ba2b0f343db6b76da14da1/xclkon/24d4507be20e1c8e15c19289287ce619
Sesbania bispinosa (Jacq.) Fawcett & Rendle,Found,https://www.medicinalplants.in/searchpage/showdetails/xplant_id/1a2168748b1d4dc55092c23faac64f70
Sesbania cannabina (Retz) Pers.,Found,https://www.medicinalplants.in/searchpage/showdetails/xplant_id/1dd9c616c5be36e476c0cf5d66830466
Momordica cochinchinensis Spreng.,Found,https://www.medicinalplants.in/searchpage/showdetails/xplant_id/c93babdb741aa570c2222c11589827a2
Pistia stratiotes Linn.,Found,https://www.medicinalplants.in/searchpage/showdetails/xplant_id/53073686747245295f650f8f5f359bd7
Cyperus platystilis Br.,Not Found,
Achyranthes acquatica Br.,Not Found,
Lippia nodiflora Mich.,Found,https://www.medicinalplants.in/searchpage/showdetails/xplant_id/0168ddb652e357ac3bf768a36264f947/xclkon/93433ae3241998392139c08cf476ecee
Salix tetrasperma Roxb.,Found,https://www.medicinalplants.in/searchpage/showdetails/xplant_id/202c38ee4b9c4d731da2ab5a4abd9f52
Allium sp.,Not Found,
Citrus limon (Linn.) Burm.f.,Found,https://www.medicinalplants.in/searchpage/showdetails/xplant_id/3bee610668c32c22dfa86540884bc5f3
Cymbopogon citratus (DC.) Stapf,Found,https://www.medicinalplants.in/searchpage/showdetails/xplant_id/680b54af38ebb9a062b90efb81313fe5
Cymbopogon coloratus Stapf,Not Found,
Cymbopogon flexuosus (Steud.) Wats.,Not Found,
Cymbopogon nardus (Linn.) Rendle.,Found,https://www.medicinalplants.in/searchpage/showdetails/xplant_id/903e52187875a26d9d3555b5147d4043
Allium stracheyi Baker.,Found,https://www.medicinalplants.in/searchpage/showdetails/xplant_id/806ddf0e3d976e980cafc42d293dc731
Eugenia operculata Roxb.,Found,https://www.medicinalplants.in/searchpage/showdetails/xplant_id/4efa3c8ab8470683e4fdd873f89452c4/xclkon/923679e1c031e8f4046bb7f2728c4130
Syzygium cumini (Linn.) Skeels.,Found,https://www.medicinalplants.in/searchpage/showdetails/xplant_id/d5469b2ff22373aaaa14897e42ad27ef
Syzygium jambos (Linn.) Alston.,Found,https://www.medicinalplants.in/searchpage/showdetails/xplant_id/9adbf18a4ccfab843085149dff116ec3
Hibiscus rosa-sinensis Linn.,Found,https://www.medicinalplants.in/searchpage/showdetails/xplant_id/5769056afed91cbb4b41b2da6a52b5c7
Terminalia alata Heyne ex Roth.,Found,https://www.medicinalplants.in/searchpage/showdetails/xplant_id/86057de192d9bbcf3e44e0e5333f2b64
Nardostachys jatamansi DC.,Found,https://www.medicinalplants.in/searchpage/showdetails/xplant_id/a61ff660a6025d0e7740a7b7553fc537/xclkon/8e51c170f7947f9e380b1062cc0d0a9f
Nordostachys jatamansi DC,Not Found,
Jasminum grandiflorum Linn.,Found,https://www.medicinalplants.in/searchpage/showdetails/xplant_id/ff311478b3d5af8dacbbe6a4b3de3b54
Jasminum humile Linn.,Found,https://www.medicinalplants.in/searchpage/showdetails/xplant_id/9f914c9dbff729343e157f3fc7fa035d/xclkon/de1a0f1c0bc3ce90ca65ee3be2152e4c
Jasminum officinale Linn. forma. grandiflorum (Lin,Found,https://www.medicinalplants.in/searchpage/showdetails/xplant_id/8b6b54f801cb2e72f8a5c62d7ccccb36
Selaginella rupestris Spreng.,Found,https://www.medicinalplants.in/searchpage/showdetails/xplant_id/14badd47ff39e56595bb23bebf35d2cc
Myristica fragrans Houtt.,Found,https://www.medicinalplants.in/searchpage/showdetails/xplant_id/6123efdc0a6955373bfc88ea0729d1e3
Myristica argentea Warb.,Found,https://www.medicinalplants.in/searchpage/showdetails/xplant_id/ad65d99cb4a788c5e5bc0be077e0a424
Myristica beddomei King.,Not Found,
Myristica malabaricum Lam.,Not Found,
Commiphora myrrha Holmes.,Found,https://www.medicinalplants.in/searchpage/showdetails/xplant_id/62b4c58d8e0366dc7366d335ad7ae585
Jurinea macrocephala Benth.,Found,https://www.medicinalplants.in/searchpage/showdetails/xplant_id/a6c5afbccbb866615ac2d1c060a2d726/xclkon/4f1b1a6b6397fc824f015886e05bb4e9
Sesbania sesban (Linn.) Merr.,Found,https://www.medicinalplants.in/searchpage/showdetails/xplant_id/84f35349cc3375441fa3f0ee125fee16
Sesbania sesban Merrill.,Found,https://www.medicinalplants.in/searchpage/showdetails/xplant_id/84f35349cc3375441fa3f0ee125fee16
Sesbania sesban Merrill. Var. Bicolor W. & A.,Found,https://www.medicinalplants.in/searchpage/showdetails/xplant_id/84f35349cc3375441fa3f0ee125fee16
Sesbania sesban Merrill. Var. Picta Prain,Found,https://www.medicinalplants.in/searchpage/showdetails/xplant_id/84f35349cc3375441fa3f0ee125fee16
Sesbania sesban Merrill. Var. Typica Prain,Found,https://www.medicinalplants.in/searchpage/showdetails/xplant_id/84f35349cc3375441fa3f0ee125fee16
Croton tiglium.,Not Found,
Tagetes erecta Linn.,Found,https://www.medicinalplants.in/searchpage/showdetails/xplant_id/4db09e7f672ba6fd75810ec84f6a2b15
Tamarix troupii Hole.,Found,https://www.medicinalplants.in/searchpage/showdetails/xplant_id/5d9a068c199a63264dd61b8ea1699c83/xclkon/fcfbd248725443b978f43146fbac8540
Tamarix aphylla (Linn.) Karst.,Found,https://www.medicinalplants.in/searchpage/showdetails/xplant_id/0750efa16d4c097c6f8f138e19e4548c
Tamarix dioica Roxb.,Found,https://www.medicinalplants.in/searchpage/showdetails/xplant_id/568de93ec016020b4d23423056fc0759
Tamarix ericoides Rottl.,Found,https://www.medicinalplants.in/searchpage/showdetails/xplant_id/c9e22ae8840541dd323dddc2366b7c51
Tamarix indica Roxb.,Found,https://www.medicinalplants.in/searchpage/showdetails/xplant_id/5d9a068c199a63264dd61b8ea1699c83
Triumfetta rhomboidea Jack.,Found,https://www.medicinalplants.in/searchpage/showdetails/xplant_id/bcce1ec86f24f6da681fb23f80151b5e
Lannaea grandis Engl.,Not Found,
Cuminum cyminum Linn.,Found,https://www.medicinalplants.in/searchpage/showdetails/xplant_id/685dab1d433e4428f5a40d044edc6db2
Carum bulbocastanum Koch.,Found,https://www.medicinalplants.in/searchpage/showdetails/xplant_id/2b46e111b609c4581210ea4ca8192a04/xclkon/0c83b5ffb3f024de6d5aabc862a8287b
Carum carvi Linn.,Found,https://www.medicinalplants.in/searchpage/showdetails/xplant_id/c7e54170b49ce79afffbec43fb7d25de
Leea sp.,Not Found,
Microstylis musifera Ridley,Not Found,
Microstylis wallichii Lindl.,Found,https://www.medicinalplants.in/searchpage/showdetails/xplant_id/9cb904855a72c0103ad947cad38c467d/xclkon/56ab45dcc2515ed07be7b7a0485c23e5
Mictostylis sp.,Not Found,
Desmotrichum fimfriatum Bl.,Not Found,
Desmotrichun fimbriatum,Not Found,
Leptadenia reliculata Wight and Arn.,Not Found,
Leptadenia reticulata,Found,https://www.medicinalplants.in/searchpage/showdetails/xplant_id/5d5a5809b66f48a72e7fd20abfe12443
Leptadenia reticulata W. & A.,Found,https://www.medicinalplants.in/searchpage/showdetails/xplant_id/5d5a5809b66f48a72e7fd20abfe12443
Pholidotta sp.,Not Found,
Leptadenia pyrotechnica Forsk-Decne.,Found,https://www.medicinalplants.in/searchpage/showdetails/xplant_id/be2415ffb71cfbb5651d00611a2ffcd7/xclkon/e95d1c53e4ee85cfe5ca77c617b990e1
Leptadenia pyrotechnica (Forsk. Decne.),Found,https://www.medicinalplants.in/searchpage/showdetails/xplant_id/be2415ffb71cfbb5651d00611a2ffcd7/xclkon/e95d1c53e4ee85cfe5ca77c617b990e1
Desmotrichum fimbriatum,Not Found,
Holostemma annulare,Found,https://www.medicinalplants.in/searchpage/showdetails/xplant_id/2f42783f900654860eeaaf874ba4b205/xclkon/5cd8f2df6a0511b125d894f68cdd3ea7
Hyssopus officinalis Linn.,Not Found,
Sorghum vulgare Pers.,Found,https://www.medicinalplants.in/searchpage/showdetails/xplant_id/aec3f4bbf64163015a26c4428fdaa883
Thysanolaena agrostis Nees.,Found,https://www.medicinalplants.in/searchpage/showdetails/xplant_id/ebd705058811d25aac1cbe75f327bd20/xclkon/8b0668e11db5354512cc8fa5c301231d
Thysanolaena procera Mez.,Found,https://www.medicinalplants.in/searchpage/showdetails/xplant_id/deb6873d4d874e7cbd3454703404ef0d
Cardiospermum halicacabum,Found,https://www.medicinalplants.in/searchpage/showdetails/xplant_id/d35bcc71906513792d99454dd5b22073
Celastrus paniculata,Not Found,
Celastrus paniculatus Willd.,Found,https://www.medicinalplants.in/searchpage/showdetails/xplant_id/4a9785d419e49cb21ac6db6e4feb41a7
Celastrus panniculatus Willd.,Not Found,
Musa paradisiaca Linn.,Found,https://www.medicinalplants.in/searchpage/showdetails/xplant_id/36fd1eaaa9cc232c37fc32f777ae27e9
Adina cordifolia Hook.f.,Found,https://www.medicinalplants.in/searchpage/showdetails/xplant_id/87d4a9ba28abca7e82c489685da8d49f/xclkon/dd8d81431e8c0a3f802bc182ecc6330d
Anthocephalus cadamba,Found,https://www.medicinalplants.in/searchpage/showdetails/xplant_id/84b3ccebf56292e28d68c311540dc57b/xclkon/2e0bec78b33f9ea9a8a4e7a59533e763
Anthocephalus cadamba Miq.,Found,https://www.medicinalplants.in/searchpage/showdetails/xplant_id/84b3ccebf56292e28d68c311540dc57b/xclkon/2e0bec78b33f9ea9a8a4e7a59533e763
Anthocephalus indicus A. Rich.,Found,https://www.medicinalplants.in/searchpage/showdetails/xplant_id/84b3ccebf56292e28d68c311540dc57b/xclkon/4a0b43648ef2a3cc8f3c53a99b5d3539
Anthocephalus indicus Miq.,Found,https://www.medicinalplants.in/searchpage/showdetails/xplant_id/84b3ccebf56292e28d68c311540dc57b/xclkon/4a0b43648ef2a3cc8f3c53a99b5d3539
Anthocephelus indicus Miq.,Not Found,
Mitragyna parviflora (Roxb.) korth,Not Found,
Mitragyna rotundifolia (Roxb.) kuntze,Found,https://www.medicinalplants.in/searchpage/showdetails/xplant_id/d400836b80fe3d7136251c0c365716e6
"Acacia suma, Buch-Ham",Not Found,
Murraya koenigii Spreng.,Found,https://www.medicinalplants.in/searchpage/showdetails/xplant_id/af44637aa5f0732b104e377cf264567e
Cyperus amabilis Vahl.,Found,https://www.medicinalplants.in/searchpage/showdetails/xplant_id/68cf38ca50b8b154244b86fc05ae2c8e
Ventilago maderaspatana Gaertn.,Not Found,
Anacardium occldentale Linn.,Not Found,
Anamirta cocculus W. & A.,Found,https://www.medicinalplants.in/searchpage/showdetails/xplant_id/67e26f250ed5838fe00e5c4cba5dd39f
Anamirta cocculus Wi. & Arn.,Found,https://www.medicinalplants.in/searchpage/showdetails/xplant_id/67e26f250ed5838fe00e5c4cba5dd39f
Leea acquata Linn.,Not Found,
Leea aegnata Linn.,Not Found,
Leea aequata Linn.,Found,https://www.medicinalplants.in/searchpage/showdetails/xplant_id/d2ca687e3aa5c4746a78a057aa3f6e75
Peristrophe bicalyculata Nees.,Found,https://www.medicinalplants.in/searchpage/showdetails/xplant_id/e51a53a5f7a18b8f9399a34ec44d5228/xclkon/3d64e75fec6f091f6614f457c062d7b4
Vitex peduncularis Wall.,Found,https://www.medicinalplants.in/searchpage/showdetails/xplant_id/d5e041a180807a480eef4c8c7899ffc4
Solanum nigrum Linn.,Found,https://www.medicinalplants.in/searchpage/showdetails/xplant_id/8919b637dac8e5c0dee7284b93974959
Ocimum sanctum Linn. var.,Found,https://www.medicinalplants.in/searchpage/showdetails/xplant_id/b3faedcb64cd0f9a51be4c9d54acaf69/xclkon/70fe8f0f9c2b14cf8f0862e6637ffe50
Martynia annua Linn.,Found,https://www.medicinalplants.in/searchpage/showdetails/xplant_id/95a099dc5b93175361cf6464f11c1c08
Pentatropis microphylla W & A.,Found,https://www.medicinalplants.in/searchpage/showdetails/xplant_id/7800a267dc3815c7d887b8a14ed39fa9/xclkon/32748a2358caf9f87d98f7af702c1890
Pentatropis microphylla W. & A.,Found,https://www.medicinalplants.in/searchpage/showdetails/xplant_id/7800a267dc3815c7d887b8a14ed39fa9/xclkon/32748a2358caf9f87d98f7af702c1890
Trichosanthes cucumerina Linn.,Found,https://www.medicinalplants.in/searchpage/showdetails/xplant_id/8f2570e1527708ce5a2b15f50a8da412
Asclepias curassavica Linn.,Found,https://www.medicinalplants.in/searchpage/showdetails/xplant_id/aba02209fa1a529826e8a5e336075429
Pentatropis capensis (Linn.f.) Bullock,Found,https://www.medicinalplants.in/searchpage/showdetails/xplant_id/7800a267dc3815c7d887b8a14ed39fa9
Pentatropis spiralis Decne.,Found,https://www.medicinalplants.in/searchpage/showdetails/xplant_id/47ce1706410b3043d474fb91e3cc4603/xclkon/e1b3aae883d8160746058ae8f53e48c0
Diospyros montana Roxb.,Found,https://www.medicinalplants.in/searchpage/showdetails/xplant_id/450ebf885767a349d62389fdb0161406
Mucuna monosperma DC.,Found,https://www.medicinalplants.in/searchpage/showdetails/xplant_id/286ecb716d01ab4dc3ac6abb8f116ed6
Strychnos nux vomica Linn.,Found,https://www.medicinalplants.in/searchpage/showdetails/xplant_id/f1deb6a97a7f8320dd2e75271d7d8f15
Canavalia ensiformis (Linn.) DC.,Found,https://www.medicinalplants.in/searchpage/showdetails/xplant_id/3b4655846cbe42dc6e7077bb62f44b4a/xclkon/aee4777276c6f39b05ed71d735e97f30
Canavalia virosa (Roxb.) W. and A.,Not Found,
Ficus hispida Linn. F.,Found,https://www.medicinalplants.in/searchpage/showdetails/xplant_id/beb7b03016ba03863ff74fddf3e0d0d0
Ficus hispida Linn. f.,Found,https://www.medicinalplants.in/searchpage/showdetails/xplant_id/beb7b03016ba03863ff74fddf3e0d0d0
Roscoea procera Wall.,Not Found,
Roscoea sp.,Not Found,
Terminalia myriocarpa Heurck & Muell-Arg.,Found,https://www.medicinalplants.in/searchpage/showdetails/xplant_id/930adffed454725cd819c95037643c44
Xanthium strumarium,Found,https://www.medicinalplants.in/searchpage/showdetails/xplant_id/a6c4c00d412decc379dffdf3a3f2f183/xclkon/78e6e86a1149baabefd201c66b007d25
Nigella sagtiva Linn.,Not Found,
Nigella sativa,Found,https://www.medicinalplants.in/searchpage/showdetails/xplant_id/ed0b15f829b92995cea577af6486bd1f
Ipomoea reptans (Linn.) Poir.,Found,https://www.medicinalplants.in/searchpage/showdetails/xplant_id/ac5061ae3543c0dde7c0f30fab00cc30/xclkon/12c3e401618c342ad8fcae407977a1e0
Coscinium fenestratum Colebr.,Found,https://www.medicinalplants.in/searchpage/showdetails/xplant_id/7e2189aaaa64f74a73704897a2aa88fe
Coscinum fenestratum (Gaertn.),Not Found,
Jateorhiza palmata (Lam.) Miers.,Found,https://www.medicinalplants.in/searchpage/showdetails/xplant_id/c5c7fcd1c728c05e501410bfc1b22f73
Jateorrhiza palmata Miers.,Not Found,
Ipomoea aquatica Forsk.,Found,https://www.medicinalplants.in/searchpage/showdetails/xplant_id/ac5061ae3543c0dde7c0f30fab00cc30
Ipomoea nil (Linn.) Roth.,Found,https://www.medicinalplants.in/searchpage/showdetails/xplant_id/9f13d5c4cf5dd852153786e862ccb1e6
Cassia sp.,Not Found,
Caesalpinia sappan. Linn.,Not Found,
Lathyrus sativus Linn.,Found,https://www.medicinalplants.in/searchpage/showdetails/xplant_id/c17b959a5b1e5adc4a69c2971497f68d
Citrullus vulgaris Schard.,Found,https://www.medicinalplants.in/searchpage/showdetails/xplant_id/fedcd0fee4b5331cc829d963e3211312/xclkon/8ee01b3908df2caefad4c1ff14b5b896
Citrullus vulgaris Schrad.,Found,https://www.medicinalplants.in/searchpage/showdetails/xplant_id/fedcd0fee4b5331cc829d963e3211312/xclkon/8ee01b3908df2caefad4c1ff14b5b896
Holarrhena antidysenterica Wall.,Found,https://www.medicinalplants.in/searchpage/showdetails/xplant_id/d82e0c372c58e441f83c65a700ed4d85/xclkon/d85c17a78537df90d7a732a0a6457f45
Ceropegia bulbosa,Found,https://www.medicinalplants.in/searchpage/showdetails/xplant_id/db5270316f2791db0f918ec444f1dcbb
Nelumbo nucifera Gaertn.,Found,https://www.medicinalplants.in/searchpage/showdetails/xplant_id/d2caa8f1b1c034456016bafd49cc97ae
Blepharis edulls Pers.,Not Found,
"Aristida setacea Retz.,",Found,https://www.medicinalplants.in/searchpage/showdetails/xplant_id/00e9fae090a40b0f651d720a76bb7c49
Breynia patens Benth.,Found,https://www.medicinalplants.in/searchpage/showdetails/xplant_id/1b7ff6980b812e3d97d3a2b7bccd3b70/xclkon/0d16479ace53a50e75aac8fea3834be7
Carthamus tinctoria,Not Found,
Casearia tomentosa,Found,https://www.medicinalplants.in/searchpage/showdetails/xplant_id/855cacf1cd7c24c69d828c7fd975a7c0/xclkon/cd7ca48b2a823acbff062b3ae76fd0b2
Euphorbia tirucallai,Not Found,
Mallotus philippinensis Muell Arg.,Not Found,
Mallotus philippinensis Muell.-Arg.,Not Found,
Mallotus phillippinensis,Not Found,
Bauhinia variegata Linn.,Found,https://www.medicinalplants.in/searchpage/showdetails/xplant_id/48f469edb3ed892b684c9dcf655e843e
Bauhinia purpurea Linn.,Found,https://www.medicinalplants.in/searchpage/showdetails/xplant_id/51bf46b3309a3cbde5d4370caff2809b
Bauhinia racemosa,Found,https://www.medicinalplants.in/searchpage/showdetails/xplant_id/6c2b4c5010227c6fe9941b648c2f055d
Commelina bengalensis Linn.,Not Found,
Commelina nudiflora  Linn.,Found,https://www.medicinalplants.in/searchpage/showdetails/xplant_id/90fba550a9d5aba7b94ca61aac5606cc/xclkon/9a1dc2cf1a8312ad7fa40e7b779cd7c7
Ceropegia sp.,Not Found,
Euphorbia sp.,Not Found,
Crinum sp.,Not Found,
Sansevieria sp.,Not Found,
Saceharum spontaneum Linn.,Not Found,
"Coleus amboinicus, Lour",Not Found,
Momordica charantia,Found,https://www.medicinalplants.in/searchpage/showdetails/xplant_id/bdcb3ce6b2cde8dee6f0b137f8ce0c83
Ranunculus scleretus,Not Found,
Setaria italica Beauv.,Found,https://www.medicinalplants.in/searchpage/showdetails/xplant_id/531a08f076a25952ab592dbcd554bd1d
Setaria italica Linn. Beauv.,Found,https://www.medicinalplants.in/searchpage/showdetails/xplant_id/531a08f076a25952ab592dbcd554bd1d
Litsea cubeba Pers.,Found,https://www.medicinalplants.in/searchpage/showdetails/xplant_id/e7824c5e8f04961408b83a0f533eb36a
Piper baccatum Blume,Found,https://www.medicinalplants.in/searchpage/showdetails/xplant_id/ba0f1ced98218e0dfa2295cff395acdd/xclkon/4cf52023cb1cd4c58b795f10ace28fce
Piper cannum Blume,Not Found,
Piper clusii DC.,Found,https://www.medicinalplants.in/searchpage/showdetails/xplant_id/7c436d138d0b7582ddd680c1b05c4063
Piper crassipes Korth,Found,https://www.medicinalplants.in/searchpage/showdetails/xplant_id/d6d7e98329f98ada314a0af053fdc9b1
Piper cubeba Linn.f.,Found,https://www.medicinalplants.in/searchpage/showdetails/xplant_id/38599335cef650b6064a59bda99b11c3
Piper guineense DC.,Found,https://www.medicinalplants.in/searchpage/showdetails/xplant_id/9d1cc8f0d692548b872770222ea9fca6
Piper ribesioides Wall.,Not Found,
Piper sumatrana DC.,Not Found,
Piper cubeba Linn. f.,Found,https://www.medicinalplants.in/searchpage/showdetails/xplant_id/38599335cef650b6064a59bda99b11c3
Euphorbia pilosa Linn.,Found,https://www.medicinalplants.in/searchpage/showdetails/xplant_id/419869698262358336114a996f3862a6
Euphorbia thomsoniana,Found,https://www.medicinalplants.in/searchpage/showdetails/xplant_id/f6247acf4b9c1a98718e17c0a49d09be
Garcinia morella,Found,https://www.medicinalplants.in/searchpage/showdetails/xplant_id/a3e6f8691986cdca6ffe150c459f9754
Garcinia morella Desr.,Found,https://www.medicinalplants.in/searchpage/showdetails/xplant_id/a3e6f8691986cdca6ffe150c459f9754
Garcinia hanburyi Hook.f.,Found,https://www.medicinalplants.in/searchpage/showdetails/xplant_id/b3fe39d14456134b97ffecbf880a128b
Tephrosia spinosa Pers.,Found,https://www.medicinalplants.in/searchpage/showdetails/xplant_id/25f06264b7839a4ed3da205ea71d0af7
Tephrosia uniflora Pers subsp petrosa (Blatt & Hal,Found,https://www.medicinalplants.in/searchpage/showdetails/xplant_id/ae23b3d74504872e5cfdebb00a729e1c
Solanum surattense Burm. f.,Found,https://www.medicinalplants.in/searchpage/showdetails/xplant_id/2cb1e3bf00b5de22d891cdf07eeec4b7/xclkon/849c0de64b7c66638ac1af96bf578c1f
Solanum xanthocarpum,Found,https://www.medicinalplants.in/searchpage/showdetails/xplant_id/2cb1e3bf00b5de22d891cdf07eeec4b7/xclkon/22877e1bc77ab8bf1f5b0774374e53c2
Solanum xanthocarpum Schrad & Wendle.,Found,https://www.medicinalplants.in/searchpage/showdetails/xplant_id/2cb1e3bf00b5de22d891cdf07eeec4b7/xclkon/22877e1bc77ab8bf1f5b0774374e53c2
Solanum xanthocarpum Schrad. & Wendle.,Found,https://www.medicinalplants.in/searchpage/showdetails/xplant_id/2cb1e3bf00b5de22d891cdf07eeec4b7/xclkon/22877e1bc77ab8bf1f5b0774374e53c2
Caesalpinia crista Linn.,Found,https://www.medicinalplants.in/searchpage/showdetails/xplant_id/eaa3979856ff3735b54f5fe99dd16670
Coffea arabica Linn.,Found,https://www.medicinalplants.in/searchpage/showdetails/xplant_id/709c0f176b4cf579f0e6ce6afc3a0714
Mucuna prurita Hook.,Found,https://www.medicinalplants.in/searchpage/showdetails/xplant_id/8b22b64302e1857bf8ef9d889912e544/xclkon/571cbf77cc7d7792510bafead68d18c4
Thespesia populnea Soland ex Correa.,Found,https://www.medicinalplants.in/searchpage/showdetails/xplant_id/2cb098aab4546846e90d3847fd23c2b2
Albizzia procera (Roxb.) Benth.,Not Found,
Spondias sp.,Not Found,
Thespesia sp.,Not Found,
Feronia limonia (Linn.) Swingle,Found,https://www.medicinalplants.in/searchpage/showdetails/xplant_id/11190a784a6fa132fd4ad578e337bcea/xclkon/73478502c2de2f9303690dcb5367b40d
Feronia limonla Linn.,Not Found,
Dalbergia lanceolaria Linn. f.,Found,https://www.medicinalplants.in/searchpage/showdetails/xplant_id/dd928b67254d24bf41b668044954b213
Dalbergia volubilis Roxb.,Found,https://www.medicinalplants.in/searchpage/showdetails/xplant_id/286345a183e7be8122783e0d69834a1e
Ocimum kilimandscharicum Guerke.,Found,https://www.medicinalplants.in/searchpage/showdetails/xplant_id/2674c17f481b2a9a1f9f1cf7ef66b8e7
Carissa carandas Linn.,Found,https://www.medicinalplants.in/searchpage/showdetails/xplant_id/6d7a36f5544883df67f5288d43948d0b
Carissa carandus Linn.,Not Found,
Carissa spinarum Linn.,Found,https://www.medicinalplants.in/searchpage/showdetails/xplant_id/cf53da16c116eac5da081db0e481896b
Pongamia pinnata (Linn.) Merr.,Found,https://www.medicinalplants.in/searchpage/showdetails/xplant_id/43842c8edcd45ca1ca952945109884e5
Pongamia pinnata Pierre.,Found,https://www.medicinalplants.in/searchpage/showdetails/xplant_id/43842c8edcd45ca1ca952945109884e5
Pongamia pinnata Lierra.,Found,https://www.medicinalplants.in/searchpage/showdetails/xplant_id/43842c8edcd45ca1ca952945109884e5
Toddalia asiatica Lam.,Found,https://www.medicinalplants.in/searchpage/showdetails/xplant_id/96f20205aea37f5df8b167fbe9761d22
Acacia canesscens Grab.,Not Found,
Acacia pulchellus Wall.,Not Found,
Caesalpinia sepiaria Roxb.,Found,https://www.medicinalplants.in/searchpage/showdetails/xplant_id/6f7f5562ed1a34a34febb67dcf71dcc2/xclkon/34f2e77100164f496560eeae41089196
Strychnos nuxvomica Linn.,Not Found,
Momordia charantia Linn.,Not Found,
Momordica charantia Linn.,Found,https://www.medicinalplants.in/searchpage/showdetails/xplant_id/bdcb3ce6b2cde8dee6f0b137f8ce0c83
Carum carvi,Found,https://www.medicinalplants.in/searchpage/showdetails/xplant_id/c7e54170b49ce79afffbec43fb7d25de
Carum sp.,Not Found,
Nigella sativa Linn.,Found,https://www.medicinalplants.in/searchpage/showdetails/xplant_id/ed0b15f829b92995cea577af6486bd1f
Nerium indicum Mill.,Found,https://www.medicinalplants.in/searchpage/showdetails/xplant_id/c18a72505452a7ec576c3d5ea3e43ba6/xclkon/e28f90e510403149afcbe58b4d747f6e
Thevetia neriifolia,Found,https://www.medicinalplants.in/searchpage/showdetails/xplant_id/5d98e136bf835caf4ca695c306d4299f/xclkon/b7ed09bfd52a6f46b3806c201d93e242
Thevetia neriifolia juss.,Found,https://www.medicinalplants.in/searchpage/showdetails/xplant_id/5d98e136bf835caf4ca695c306d4299f/xclkon/b7ed09bfd52a6f46b3806c201d93e242
Cordia sp.,Not Found,
Olax scandens Roxb.,Not Found,
Curcuma zedoaria Rosc.,Found,https://www.medicinalplants.in/searchpage/showdetails/xplant_id/6d113619856013e9dc56dea1ec40931d
Canthium parviflorum Lam.,Found,https://www.medicinalplants.in/searchpage/showdetails/xplant_id/dea5e5d7ef738a145a2bdd254197fe97/xclkon/3c94ddcbb81c25b5f005b7eb3f51e1bc
Canthium umbellatum Wight.,Found,https://www.medicinalplants.in/searchpage/showdetails/xplant_id/94a7684c982f9fb37566ada354e0c1e9/xclkon/2b949f59f19caa0b5c557232806d9041
Capparis decidua Edgew.,Found,https://www.medicinalplants.in/searchpage/showdetails/xplant_id/097e59d34e31f548d8c5d40949d1fc74
Zizyphus nummularia (Burm.f.) W. & A.,Not Found,
Zizyphus nummularia W. & H.,Not Found,
Cucumis sativus Linn.,Found,https://www.medicinalplants.in/searchpage/showdetails/xplant_id/7539d46056fe6cad14cc5bf5c29ac602
Cucurbita pepo DC.,Found,https://www.medicinalplants.in/searchpage/showdetails/xplant_id/683924de25f6b219baf4d1912bc5cedb
Cucurbitaceae,Not Found,
Pistacia lentiscus Linn.,Found,https://www.medicinalplants.in/searchpage/showdetails/xplant_id/dc62463177e8e26330cece87dadc8810
Pistacia sp.,Not Found,
Pistacea integerrima Stew ex Brandis.,Not Found,
Pistacia integerrima Stew. ex Brandis,Found,https://www.medicinalplants.in/searchpage/showdetails/xplant_id/4f76fffb0b3c4ac79cc13436883172f8
Pistacia integerrima Stewart ex Brandis.,Found,https://www.medicinalplants.in/searchpage/showdetails/xplant_id/4f76fffb0b3c4ac79cc13436883172f8
Rhus succedania Linn.,Not Found,
Cucumis melo var. Utilissimus Duthie & Fuller.,Found,https://www.medicinalplants.in/searchpage/showdetails/xplant_id/3f9fc1a32c034cded111ff12e3f7465e
Momordica dioica Roxb.,Found,https://www.medicinalplants.in/searchpage/showdetails/xplant_id/d7e1fad86b641084f389683f5160e659
Momordlca dioica Roxb. ex Willd.,Not Found,
Luffa sp.,Not Found,
Momordica dioica Roxb. ex Willd.,Found,https://www.medicinalplants.in/searchpage/showdetails/xplant_id/d7e1fad86b641084f389683f5160e659
Averrhoa bilimbi. Linn.,Not Found,
Peristrophe bicalyculata,Found,https://www.medicinalplants.in/searchpage/showdetails/xplant_id/e51a53a5f7a18b8f9399a34ec44d5228/xclkon/3d64e75fec6f091f6614f457c062d7b4
Garuga pinnata Roxb.,Found,https://www.medicinalplants.in/searchpage/showdetails/xplant_id/d78735e5f127ec133f6ab1b671115c09
Gossypium arboreum Linn.,Found,https://www.medicinalplants.in/searchpage/showdetails/xplant_id/44706a0b7c307ec6ca0827237f53ee2f
Gossypium barbadens Linn.,Found,https://www.medicinalplants.in/searchpage/showdetails/xplant_id/2e9de53dda2afa55e7504f65322d6946
Gossypium barbadense Linn.,Found,https://www.medicinalplants.in/searchpage/showdetails/xplant_id/2e9de53dda2afa55e7504f65322d6946
Gossypium herbaccum Linn.,Not Found,
Gossypium herbaceum Linn.,Found,https://www.medicinalplants.in/searchpage/showdetails/xplant_id/a6527974ce4181cbac2dcae4b26ee0d0
Gossypium hirstum Linn.,Not Found,
Hibiscus cancellatus Roxb.,Found,https://www.medicinalplants.in/searchpage/showdetails/xplant_id/abe65b2e409317659131e47d5b7fa402/xclkon/bbfd6a91927f3260981223b8f9a98479
Thespesia lampas Dalz. & Gibs.,Found,https://www.medicinalplants.in/searchpage/showdetails/xplant_id/dce52209e08745bc3ad7912e59b35047
Cinnamomum camphora Nees & Eberm.,Found,https://www.medicinalplants.in/searchpage/showdetails/xplant_id/aa6cfda88d906581d2000529298c2963
Cinnamonum camphora Nees and Eberm.,Not Found,
Dryobalanops aromatica Gaertn.f.,Found,https://www.medicinalplants.in/searchpage/showdetails/xplant_id/d990c2b2e5db48bb3a0e9122934bd2f7
Dryobalanops aromatica Gaertn. f.,Found,https://www.medicinalplants.in/searchpage/showdetails/xplant_id/d990c2b2e5db48bb3a0e9122934bd2f7
Cassia occidentalis Linn.,Found,https://www.medicinalplants.in/searchpage/showdetails/xplant_id/9a2cce5b5ed8523980ebb8dc49acbe7c
Cassia sophera Linn.,Found,https://www.medicinalplants.in/searchpage/showdetails/xplant_id/290f639bc5f19896b8fe3fa7901d194e
Cichorium endivia Linn.,Found,https://www.medicinalplants.in/searchpage/showdetails/xplant_id/dcd58fffb62cf38b0122c7707220f662
Cichorium intybus Linn.,Found,https://www.medicinalplants.in/searchpage/showdetails/xplant_id/ebe06d889ffbfca666ff76ff0f6cd419
Scirpus grossus Linn.f.,Found,https://www.medicinalplants.in/searchpage/showdetails/xplant_id/e31dcff0e6077e95eb1390645f6659d3
Scripus kysoor Roxb.,Not Found,
Cyperus esculentus Linn.,Found,https://www.medicinalplants.in/searchpage/showdetails/xplant_id/1865b973f959e7341296ddc186ea8dfd
Scirpus grossus Linn. f.,Found,https://www.medicinalplants.in/searchpage/showdetails/xplant_id/e31dcff0e6077e95eb1390645f6659d3
Scirpus articulatus Linn.,Found,https://www.medicinalplants.in/searchpage/showdetails/xplant_id/89f67f6be2dcf28186fd57b047396e53
Scirpus tuberosus Desf.,Found,https://www.medicinalplants.in/searchpage/showdetails/xplant_id/6d33135d20a166a3c00dffa9074c891b
Gmelina arborea,Found,https://www.medicinalplants.in/searchpage/showdetails/xplant_id/2f7b5cf8d3bddfdbf51e2ed742280d51
Cayratia pedata (Wall.) Gagnep.,Found,https://www.medicinalplants.in/searchpage/showdetails/xplant_id/7b692f957b4e6ff4f43b3fe5b717583d
Schrebera sweitenioides Roxb.,Not Found,
Albizzia lucida Benth.,Not Found,
Albizzia procera Benth.,Not Found,
Strychnos potatorum Linn.,Found,https://www.medicinalplants.in/searchpage/showdetails/xplant_id/f7483e2d8671cc116f6d1cc75dfaf48c
Strychnos potatorum Linn. f.,Found,https://www.medicinalplants.in/searchpage/showdetails/xplant_id/f7483e2d8671cc116f6d1cc75dfaf48c
Digera muricata (Linn.) Mart.,Found,https://www.medicinalplants.in/searchpage/showdetails/xplant_id/3ceeeec14102b5ea72e990a3834fb283
Digeria muricata (Linn.) Mart.,Not Found,
Careya arborea Roxb.,Found,https://www.medicinalplants.in/searchpage/showdetails/xplant_id/555260a885273d4bc22900a93dde378b
Myrica esculenta Buch-Ham.,Found,https://www.medicinalplants.in/searchpage/showdetails/xplant_id/e91f8bc5c0c19bd158ce4d2f69c5daf8
Myrica nagi Thunb.,Found,https://www.medicinalplants.in/searchpage/showdetails/xplant_id/8d3491a161f15fefb4ea92a4c82c5381
Cymbopogon Jwarancusa Schult.,Found,https://www.medicinalplants.in/searchpage/showdetails/xplant_id/d19704d7822e4938d3d96660f76e7ddd
Gentiana kurroo,Found,https://www.medicinalplants.in/searchpage/showdetails/xplant_id/030b802608c0a351bd4a7f2a1c716cf0
Gentiana kurroo Royle,Found,https://www.medicinalplants.in/searchpage/showdetails/xplant_id/030b802608c0a351bd4a7f2a1c716cf0
Picrorhiza kurroa Royle ex Benth,Found,https://www.medicinalplants.in/searchpage/showdetails/xplant_id/3ddfaf61bf4ae28a0eae6a0c86c12fca
Picrorhiza kurroa Royle ex Benth.,Found,https://www.medicinalplants.in/searchpage/showdetails/xplant_id/3ddfaf61bf4ae28a0eae6a0c86c12fca
Picrorhiza kurroa Ryole ex Benth.,Found,https://www.medicinalplants.in/searchpage/showdetails/xplant_id/3ddfaf61bf4ae28a0eae6a0c86c12fca
Lageneria vulgaris,Not Found,
Ailanthus sp.,Not Found,
Viscum monoicum Roxb. ex DC.,Found,https://www.medicinalplants.in/searchpage/showdetails/xplant_id/3ef7c2789610b44230041b523436342b
Commelina sp.,Not Found,
Costus speciosus (Koeing Sm.),Found,https://www.medicinalplants.in/searchpage/showdetails/xplant_id/f4a366236a46dad574e5d484d9f83852
Costus speciosus (Koen.) Sm.,Found,https://www.medicinalplants.in/searchpage/showdetails/xplant_id/f4a366236a46dad574e5d484d9f83852
Pandanus odorotissimus Linn. f.,Not Found,
Pandanus tectorius Soland. ex Parkinson.,Found,https://www.medicinalplants.in/searchpage/showdetails/xplant_id/32cdafdc0cbbd3417dd00e715e6d596f/xclkon/2d069fa55240aae0a906977f2a26e8d5
Hymenodictyon excelsnm Wall.,Not Found,
Pandanus sp.,Not Found,
Acacia catechu Willd.,Found,https://www.medicinalplants.in/searchpage/showdetails/xplant_id/9b11f74ab4862b22d3456bc47dcb8142
Acacia pennata,Found,https://www.medicinalplants.in/searchpage/showdetails/xplant_id/0bb1c32b6a6a2631466a0bdf9fb07fb7
Acacia catechu Willd. Var. Catechu proper,Found,https://www.medicinalplants.in/searchpage/showdetails/xplant_id/9b11f74ab4862b22d3456bc47dcb8142
Acacia catechu Willd. Var. Catechuoides,Found,https://www.medicinalplants.in/searchpage/showdetails/xplant_id/9b11f74ab4862b22d3456bc47dcb8142
Acacia catechu Willd. Var. suma Buch. Ham.,Found,https://www.medicinalplants.in/searchpage/showdetails/xplant_id/9b11f74ab4862b22d3456bc47dcb8142
Acacia catechu Willd. Var. sundra.,Found,https://www.medicinalplants.in/searchpage/showdetails/xplant_id/9b11f74ab4862b22d3456bc47dcb8142
"Labiatae, hairy and aromatic plants",Not Found,
Cucumis melo Linn.,Found,https://www.medicinalplants.in/searchpage/showdetails/xplant_id/3f9fc1a32c034cded111ff12e3f7465e
Phoenix acaulis Buch.-Ham.,Found,https://www.medicinalplants.in/searchpage/showdetails/xplant_id/8dcedc198f3e7da66ecaf45e38223830
Phoenix dactylifer Linn.,Found,https://www.medicinalplants.in/searchpage/showdetails/xplant_id/54c150a398e3ca472cc8b7ff6fd20f3d
Phoenix humilis Royle,Found,https://www.medicinalplants.in/searchpage/showdetails/xplant_id/150ad36f548084640a018005484b3d84
Phoenix sylvestris Roxb.,Found,https://www.medicinalplants.in/searchpage/showdetails/xplant_id/1fef84efdb0129c97ecd6a07953e4aa2
Phoenix acaulis Roxb.,Found,https://www.medicinalplants.in/searchpage/showdetails/xplant_id/8dcedc198f3e7da66ecaf45e38223830
Phoenix dactylifera Linn.,Found,https://www.medicinalplants.in/searchpage/showdetails/xplant_id/54c150a398e3ca472cc8b7ff6fd20f3d
Althoea officinalis Linn.,Not Found,
Pinus excelsa Wall.,Not Found,
Pinus longifolia Roxb.,Found,https://www.medicinalplants.in/searchpage/showdetails/xplant_id/5c592c064b9567277c71857fa99918e3/xclkon/8dd249de9bd0e593c326f7af795248a8
Trichosamthus palmata Roxb.,Not Found,
Albizzia procera.,Not Found,
Flacourtia sepiaria Roxb.,Found,https://www.medicinalplants.in/searchpage/showdetails/xplant_id/0a51b919c7926844e164c464ec8d28e2/xclkon/dd7d4036a32c36b7fc7182560be7f1c2
Swertia chirata Buch.-Ham.,Found,https://www.medicinalplants.in/searchpage/showdetails/xplant_id/694eb1f52999a025e8a35b35aa3d4935/xclkon/f7d394b037ec5505be0b04ad4350411b
Swertia chirayita (Roxb.  ex Flem.) Karst.,Found,https://www.medicinalplants.in/searchpage/showdetails/xplant_id/694eb1f52999a025e8a35b35aa3d4935
Rubia cordifolia,Found,https://www.medicinalplants.in/searchpage/showdetails/xplant_id/4ec5c05469f4e92ee7f365922bee5353
Swertia alata (D. Don.) Royle ex C. B. Clarke,Found,https://www.medicinalplants.in/searchpage/showdetails/xplant_id/e8de6387d689453520d0efff1fb6c0ad
Swertia angustifolia,Found,https://www.medicinalplants.in/searchpage/showdetails/xplant_id/0c1543c8c26dc2d082d8d18a25bb166a
Swertia ciliata (G. Don.) Burtt.,Found,https://www.medicinalplants.in/searchpage/showdetails/xplant_id/25169ad5f7e18e5014942f3d540b20fe
Swertia lawii Burkill,Found,https://www.medicinalplants.in/searchpage/showdetails/xplant_id/17c1cc9bcebc02d3be4057450a678fe1
Swertia paniculata Wall.,Found,https://www.medicinalplants.in/searchpage/showdetails/xplant_id/347ceeac4a1cc362ed84fd8a93777413
Aristolochia bracteata Retz.,Found,https://www.medicinalplants.in/searchpage/showdetails/xplant_id/2516c519da6bdf64bc291cd56d62a0eb/xclkon/e73b845a0ee25891129c126cd14bfcb8
Paspalum scrobiculatum Linn.,Found,https://www.medicinalplants.in/searchpage/showdetails/xplant_id/afd4de13278615f13cf5bc7aa1c36ad2
Commersonii Stapf,Not Found,
Asteracantha longifolia Nees.,Found,https://www.medicinalplants.in/searchpage/showdetails/xplant_id/f2a716233e942c22d7165568a5a1341d/xclkon/da8288e06b3db16072344685f795b14d
Urginea indica Kunth.,Found,https://www.medicinalplants.in/searchpage/showdetails/xplant_id/6ddd9f01a806249ae8306064b767007a/xclkon/6689ee33b13257da64c29d622d98007e
Garcinia cowa Roxb.,Found,https://www.medicinalplants.in/searchpage/showdetails/xplant_id/15f0724866331d238de92cbc096eb7fd
Schleichera oleosa (Lour) oken.,Found,https://www.medicinalplants.in/searchpage/showdetails/xplant_id/4d9b9ebe9aa91dc47dc6f0134138402f
Schleichera oleosa (Lour.) Oken.,Found,https://www.medicinalplants.in/searchpage/showdetails/xplant_id/4d9b9ebe9aa91dc47dc6f0134138402f
Luffa acutangula (Linn.) Roxb.,Found,https://www.medicinalplants.in/searchpage/showdetails/xplant_id/f723ab5d64bea1511a90c43317cb5697
Luffa acutangula (Linn.) Roxb.var.amara Clarke,Found,https://www.medicinalplants.in/searchpage/showdetails/xplant_id/f723ab5d64bea1511a90c43317cb5697
Luffa acutangula Roxb.,Found,https://www.medicinalplants.in/searchpage/showdetails/xplant_id/f723ab5d64bea1511a90c43317cb5697
Bauhinia variegata,Found,https://www.medicinalplants.in/searchpage/showdetails/xplant_id/48f469edb3ed892b684c9dcf655e843e
Arcea catechu,Not Found,
Lagerstroemia speciosa Pers.,Found,https://www.medicinalplants.in/searchpage/showdetails/xplant_id/68d8e18e3d38533f90e80c159a6dc8f5
Morus indica,Found,https://www.medicinalplants.in/searchpage/showdetails/xplant_id/42706b8c53e9046dc41149cd7267bb68/xclkon/905561313057d630b76bea3a474f74dd
Cyperus articulatus Linn.,Not Found,
Scirpus corymbosus Heyne.,Not Found,
Carum bulbocastanum W. Koch.,Found,https://www.medicinalplants.in/searchpage/showdetails/xplant_id/2b46e111b609c4581210ea4ca8192a04/xclkon/0c83b5ffb3f024de6d5aabc862a8287b
Cryptolepis buchanani Roem. & Schult.,Found,https://www.medicinalplants.in/searchpage/showdetails/xplant_id/84f2bf552fd2d53f622dea4e8ba0c0d2
Cardiospermum sp.,Not Found,
Luffa acutangula (Linn) Roxb.,Found,https://www.medicinalplants.in/searchpage/showdetails/xplant_id/f723ab5d64bea1511a90c43317cb5697
Brassica juncea (Linn.) Czern. and Coss.,Found,https://www.medicinalplants.in/searchpage/showdetails/xplant_id/35b1b446f9c1865523515bc7cb4315ca
Centipeda minima (Linn.) A. Br. & Aschers.,Found,https://www.medicinalplants.in/searchpage/showdetails/xplant_id/0e80203226cdcd76092ae45b0d50dd93
Centipeda minima (Linn.) A. Br. et Aschers,Found,https://www.medicinalplants.in/searchpage/showdetails/xplant_id/0e80203226cdcd76092ae45b0d50dd93
Centipeda minima (Linn.) A.Br. & Aschers.,Found,https://www.medicinalplants.in/searchpage/showdetails/xplant_id/0e80203226cdcd76092ae45b0d50dd93
Pentatropis sp.,Not Found,
Allium wallichii Kunth.,Found,https://www.medicinalplants.in/searchpage/showdetails/xplant_id/7bbec7f3c832058e85e575ab836c84e1
Liliaceae,Not Found,
Orchid - bulbuous,Not Found,
Manilkara hexandra Roxb.,Found,https://www.medicinalplants.in/searchpage/showdetails/xplant_id/17104b3b47f47163e185684f28288000
Mimusops hexandra Roxb.,Found,https://www.medicinalplants.in/searchpage/showdetails/xplant_id/17104b3b47f47163e185684f28288000/xclkon/fb8928ef52b7a0915e63a1250033eb66
Centipeda orbicularis,Found,https://www.medicinalplants.in/searchpage/showdetails/xplant_id/0e80203226cdcd76092ae45b0d50dd93/xclkon/96bd4c6675c0c24c53fb46efb0c7b4f4
Radermachera xylocarpa,Found,https://www.medicinalplants.in/searchpage/showdetails/xplant_id/8eb5bffeca052079f62e14fa39ccdccb
Rosa moschata Herrm.,Found,https://www.medicinalplants.in/searchpage/showdetails/xplant_id/8be9312fdfcd1a853f95e4334d861161/xclkon/d7f82b84efd9ab450a978426594ddf86
Caesalpinia sappan Linn.,Found,https://www.medicinalplants.in/searchpage/showdetails/xplant_id/caf9a50e01a48f330e490c53febf3b0f
Momordica tuberosa (Roxb.) Cogn.,Found,https://www.medicinalplants.in/searchpage/showdetails/xplant_id/783ee2892dc89d642a91097466acbac6
Chlorophytum sp.,Not Found,
Fritillaria roylei Hook.,Found,https://www.medicinalplants.in/searchpage/showdetails/xplant_id/4fcd1260487c784f5832d15ecf226e56
Fritillaria sp.,Not Found,
Polygonum affine Don.,Not Found,
Blumea lacera DC.,Found,https://www.medicinalplants.in/searchpage/showdetails/xplant_id/db597fcd2dd82460853c3cc45986e899
Blumea balsamifera DC.,Found,https://www.medicinalplants.in/searchpage/showdetails/xplant_id/fcb757b557d5ef2a3f9a86f1adffe2bd
Blumea densiflora DC.,Found,https://www.medicinalplants.in/searchpage/showdetails/xplant_id/fcb757b557d5ef2a3f9a86f1adffe2bd/xclkon/37aceafb032bcffaeec0c7495496397c
Blumea erientha DC.,Found,https://www.medicinalplants.in/searchpage/showdetails/xplant_id/c8eeeb1edbe893dac52c8d6adeb9bc15
Blumea balsmifera DC.,Not Found,
Blumea sp.,Not Found,
Sphaeranthus sp.,Not Found,
Trichosanthes dioica Roxb.,Found,https://www.medicinalplants.in/searchpage/showdetails/xplant_id/41cf9dd964d4c6534572145645ac9589
Trichosanthes sp.,Not Found,
Dolichos biflorus Linn.,Found,https://www.medicinalplants.in/searchpage/showdetails/xplant_id/16e1d08182cf90b7c5f7cc027e6ccbfd/xclkon/96ebc8330fbca94a4980f9ce670fb4bd
Dolichos falcatus Linn.,Not Found,
Mushroom,Not Found,
Amaranthus paniculatus Linn.,Found,https://www.medicinalplants.in/searchpage/showdetails/xplant_id/83fbef0599b94833dd32e2b62d5ea783/xclkon/dd3ec08486ef9d275dafc40eb4595ff8
Aloe variegata Linn.,Found,https://www.medicinalplants.in/searchpage/showdetails/xplant_id/9302230e136ea74d075c250d7eef46bc
Aloe vera Tourn. ex Linn.,Found,https://www.medicinalplants.in/searchpage/showdetails/xplant_id/3f3796b55ac6702e10bd40afe3b372ca/xclkon/98403088f3f134a7b5f8b6a2d2dc5eea
Careya herbacea Roxb.,Found,https://www.medicinalplants.in/searchpage/showdetails/xplant_id/d72991f2a73428045302d07175085290
Nymphaea alba Linn.,Found,https://www.medicinalplants.in/searchpage/showdetails/xplant_id/df390e69fd59e26c8d68780d1bf5dc19
Nymphaea nouchali Burm. f.,Found,https://www.medicinalplants.in/searchpage/showdetails/xplant_id/0459d5bd9c193f238f01385c30b35165
Nymphaea nouchali Burm.f.,Found,https://www.medicinalplants.in/searchpage/showdetails/xplant_id/0459d5bd9c193f238f01385c30b35165
Nymphoea alba Linn.,Not Found,
Nymphaea stellata Willd.,Found,https://www.medicinalplants.in/searchpage/showdetails/xplant_id/55669346cfc88ce051fbd6c2951c4147
Cinchona calisaya Wedd.,Found,https://www.medicinalplants.in/searchpage/showdetails/xplant_id/516461cb5d349648d0cbccc8eeca2221
Cinchona officinalis Linn.,Found,https://www.medicinalplants.in/searchpage/showdetails/xplant_id/27582a317d4ba9f644ce013f81020fba
Cinchona succirubra Pav. ex Klotzsch,Found,https://www.medicinalplants.in/searchpage/showdetails/xplant_id/fc75d8a8b95c319d7f0f6f80e580aec5
Trigonella foenum graecum Linn.,Found,https://www.medicinalplants.in/searchpage/showdetails/xplant_id/f4f94984f63807963edf1f9876b1b1c9
Jasmimum arborescens Roxb.,Not Found,
Jasminum multiflorum Andr.,Found,https://www.medicinalplants.in/searchpage/showdetails/xplant_id/13c5e57966efeeeee22ad5138e8b25a1
Boswellia serrata Roxb.,Found,https://www.medicinalplants.in/searchpage/showdetails/xplant_id/178cc9ad03d6f4d8fd4257d486c60e22/xclkon/4657546057a7a522681239099a690c16
Crocus sativus Linn.,Found,https://www.medicinalplants.in/searchpage/showdetails/xplant_id/abbd0b05d60c1b9fe9ba20047de5587c
Corchorum sp.                    .,Not Found,
Erythrina sp.,Not Found,
Rhododendron arboreum Sm.,Found,https://www.medicinalplants.in/searchpage/showdetails/xplant_id/79a47e638b287f45442a85aad8cde8c0
Rhododendron barbatum Wall. ex Don,Not Found,
Panicum miliare,Not Found,
Panicum psilopodium Trin. var. coloratum Hook.f.,Found,https://www.medicinalplants.in/searchpage/showdetails/xplant_id/864f83f261520afa8e2011d02228a1f3
Panicum psilopodium Trin. var. Psilopodium.,Found,https://www.medicinalplants.in/searchpage/showdetails/xplant_id/864f83f261520afa8e2011d02228a1f3
Calosia argentea Linn.           .,Not Found,
Desmostachya bipinnata Stapf.,Found,https://www.medicinalplants.in/searchpage/showdetails/xplant_id/5d5c75320e8249891ff513bfbd3f1008
Dalbergia sissoides Grah.,Found,https://www.medicinalplants.in/searchpage/showdetails/xplant_id/4a95ee5f0d3c47d38cec801fd9f3b723
Benincasa hispida (Thunb.) Cogn.,Found,https://www.medicinalplants.in/searchpage/showdetails/xplant_id/b97c80a9c80c326e5751c068d24aabbe
Cucurbita pepo F. I.,Found,https://www.medicinalplants.in/searchpage/showdetails/xplant_id/683924de25f6b219baf4d1912bc5cedb
Cucurbita pepo Linn.,Found,https://www.medicinalplants.in/searchpage/showdetails/xplant_id/683924de25f6b219baf4d1912bc5cedb
Saussurea lappa C. B. Clarke,Found,https://www.medicinalplants.in/searchpage/showdetails/xplant_id/a2699e66d5be442119735e8eff969a31/xclkon/325db44755404ee6df808902bab3d6d2
Saussurea lappa C. B. Clarke.,Found,https://www.medicinalplants.in/searchpage/showdetails/xplant_id/a2699e66d5be442119735e8eff969a31/xclkon/325db44755404ee6df808902bab3d6d2
Saussurea lappa C.B. Clarke.,Found,https://www.medicinalplants.in/searchpage/showdetails/xplant_id/a2699e66d5be442119735e8eff969a31/xclkon/325db44755404ee6df808902bab3d6d2
Sausurea lappa C-B-Clerke.,Not Found,
Carthamus tinctorius Linn.,Found,https://www.medicinalplants.in/searchpage/showdetails/xplant_id/de5ae5c07e6806076e0e5bc72fd89729
Holarrena antidysenterica (Linn.) Wall.,Not Found,
Holarrhena antidysenterica (Linn.) Wall.,Found,https://www.medicinalplants.in/searchpage/showdetails/xplant_id/d82e0c372c58e441f83c65a700ed4d85/xclkon/d85c17a78537df90d7a732a0a6457f45
Wrightia tinctoria R. Br.,Found,https://www.medicinalplants.in/searchpage/showdetails/xplant_id/8d438c664779b95c696936e5d6d52365
Wrightia tomentosa Roem. & Schult.,Found,https://www.medicinalplants.in/searchpage/showdetails/xplant_id/b761ad76706c434da7b7b92f8f55dc3d/xclkon/a53397a19c4b7e6679fd94bf82fb372d
Wrightia coccinea Sims.,Found,https://www.medicinalplants.in/searchpage/showdetails/xplant_id/193e5c4e4c1605efaf01ba36876c5c94
Schleichera oleosa (Lour.) Merr.,Found,https://www.medicinalplants.in/searchpage/showdetails/xplant_id/4d9b9ebe9aa91dc47dc6f0134138402f
Girardenia heterophylla,Not Found,
Mimosa pudica Linn.,Found,https://www.medicinalplants.in/searchpage/showdetails/xplant_id/3127a1ac87d4540d9e298e05642e0c0b
Mimosa pudica Linn. Var. hispida Brenan.,Found,https://www.medicinalplants.in/searchpage/showdetails/xplant_id/3127a1ac87d4540d9e298e05642e0c0b
Mimosa pudica Linn. Var. tetranda DC.,Found,https://www.medicinalplants.in/searchpage/showdetails/xplant_id/3127a1ac87d4540d9e298e05642e0c0b
Mimosa pudica Linn. Var. unijuga Griseb.,Found,https://www.medicinalplants.in/searchpage/showdetails/xplant_id/3127a1ac87d4540d9e298e05642e0c0b
Aralia quinquefolia,Found,https://www.medicinalplants.in/searchpage/showdetails/xplant_id/85961ffbf80e4c432da551b7782e822e
Cynoglossum lanceolatum Forsk.,Found,https://www.medicinalplants.in/searchpage/showdetails/xplant_id/c18877f4d8c620bf10d3d4c42ecade81
Ipomoea sepiaria Koen.,Found,https://www.medicinalplants.in/searchpage/showdetails/xplant_id/aa0558d433b5aff8dfc3876a1ea2eee8
Ipomoea sepiaria Roxb.,Found,https://www.medicinalplants.in/searchpage/showdetails/xplant_id/aa0558d433b5aff8dfc3876a1ea2eee8
Lasia spinos Thwaites.,Found,https://www.medicinalplants.in/searchpage/showdetails/xplant_id/12498af454c684db03d297ae71cb0c41
Lasia spinosa Thwaites,Found,https://www.medicinalplants.in/searchpage/showdetails/xplant_id/12498af454c684db03d297ae71cb0c41
Mandragora autumnalis Spreng.,Found,https://www.medicinalplants.in/searchpage/showdetails/xplant_id/ddade919c7ce0fa66821e9482e5d83e4
Mandragora autumnalis spreng.,Found,https://www.medicinalplants.in/searchpage/showdetails/xplant_id/ddade919c7ce0fa66821e9482e5d83e4
Remusatia vivipara Schott.,Found,https://www.medicinalplants.in/searchpage/showdetails/xplant_id/4fad94ea04f7e7e3771258a51246161f
Artocarpus lakoocha Roxb.,Found,https://www.medicinalplants.in/searchpage/showdetails/xplant_id/4f3b2d4322bec43f50db72d7e0bbdeef
Cymbopogon jwarankusa Schult.,Not Found,
Vetiveria sp.,Not Found,
Gloriosa superba Linn.,Found,https://www.medicinalplants.in/searchpage/showdetails/xplant_id/b974a750fdc40827fd7e167dcb88e2ba
Gloriosa saperba,Not Found,
Lippia nodiflora,Found,https://www.medicinalplants.in/searchpage/showdetails/xplant_id/0168ddb652e357ac3bf768a36264f947/xclkon/93433ae3241998392139c08cf476ecee
Picrorhiza kurroo,Not Found,
Capsicum annuum Linn.,Found,https://www.medicinalplants.in/searchpage/showdetails/xplant_id/51ad80cf55dd613f3375e82a18b3d777
Capsicum frutescens Linn.,Found,https://www.medicinalplants.in/searchpage/showdetails/xplant_id/79ac12fefc96c8aed2998db0a7cbef54
Allium sativum Linn.,Found,https://www.medicinalplants.in/searchpage/showdetails/xplant_id/9ba63dffa8d6ef008723ec357591e4ff
Hibiscus abelmoschus Linn.,Found,https://www.medicinalplants.in/searchpage/showdetails/xplant_id/5ec3070af3c6e21d7cf6cf4ebd3c61b1/xclkon/0df6612050fc9893fe521b521be38f95
Cicca acida (Linn.) Merr.,Found,https://www.medicinalplants.in/searchpage/showdetails/xplant_id/bcb5a0832a219a36158651a64f5a920b/xclkon/b356be66a5797682eec6c7018c9d8beb
Cicca acida (Linn.) Merrill,Found,https://www.medicinalplants.in/searchpage/showdetails/xplant_id/bcb5a0832a219a36158651a64f5a920b/xclkon/b356be66a5797682eec6c7018c9d8beb
Cicca acida (Linn.) Merrill.,Found,https://www.medicinalplants.in/searchpage/showdetails/xplant_id/bcb5a0832a219a36158651a64f5a920b/xclkon/b356be66a5797682eec6c7018c9d8beb
Lavanga scandens Ham.,Not Found,
Prunus sp.,Not Found,
Salsola sp.,Not Found,
Suaeda sp.,Not Found,
Syzygium aromaticum (Linn.) Merr. & L.M. Perry,Found,https://www.medicinalplants.in/searchpage/showdetails/xplant_id/bce5381d0e29d38670508eacc491b6fd
Syzygium aromaticum (Linn.) Merr. & Per.,Found,https://www.medicinalplants.in/searchpage/showdetails/xplant_id/bce5381d0e29d38670508eacc491b6fd
Enphoria longana Linn.,Not Found,
Litchi chinensis (Gaertn.),Not Found,
Nephelium lappaceum Linn.,Not Found,
Bryonopsis laciniosa (Linn) Naud.,Found,https://www.medicinalplants.in/searchpage/showdetails/xplant_id/1c7f618abeda5452a8a3079708727925/xclkon/75d10d875e99e10f3c3a6cda6556d8f5
Symplocos racemosa,Found,https://www.medicinalplants.in/searchpage/showdetails/xplant_id/f19728e96d6246c0e2dcbe2d59406afc
Symplocos racemosa Roxb.,Found,https://www.medicinalplants.in/searchpage/showdetails/xplant_id/f19728e96d6246c0e2dcbe2d59406afc
Symplocos crataegoides Buch.-Ham.,Found,https://www.medicinalplants.in/searchpage/showdetails/xplant_id/2dd10c79c17ceb302f76666246d1011f/xclkon/9f42d3acadc0985fbabc78d8acac118d
Symplocos laurina Wall ex Rehd. & E. H.,Not Found,
Symplocos paniculata Miq.,Found,https://www.medicinalplants.in/searchpage/showdetails/xplant_id/2dd10c79c17ceb302f76666246d1011f
Symplocos sumuntia Buch. Ham ex D. Don.,Found,https://www.medicinalplants.in/searchpage/showdetails/xplant_id/aa67a582f89f480c97b66b7dae98ad79
Smilax sp.,Not Found,
Ventilago sp.,Not Found,
Portulaca oleracea Linn.,Found,https://www.medicinalplants.in/searchpage/showdetails/xplant_id/3cc2bca5b45aedfda571996b3573cccf
Portulaca quadrifida Linn.,Found,https://www.medicinalplants.in/searchpage/showdetails/xplant_id/db24e0e78aef3a7e6e0d10c4f97f5779
Portulaca oleracea Linn. Var oleracea,Found,https://www.medicinalplants.in/searchpage/showdetails/xplant_id/3cc2bca5b45aedfda571996b3573cccf
Portulaca oleracea Linn. Var sativa DC.,Found,https://www.medicinalplants.in/searchpage/showdetails/xplant_id/3cc2bca5b45aedfda571996b3573cccf
Tamarix aphylla Karst.,Found,https://www.medicinalplants.in/searchpage/showdetails/xplant_id/0750efa16d4c097c6f8f138e19e4548c
Tamarix gallica Linn.,Found,https://www.medicinalplants.in/searchpage/showdetails/xplant_id/5d9a068c199a63264dd61b8ea1699c83/xclkon/ed8329df880c5f369e48a6062d530450
Tamarix Sp.,Not Found,
Randia dumetorum Lam.,Found,https://www.medicinalplants.in/searchpage/showdetails/xplant_id/1b163f98a9315a49f346598f315cbf73/xclkon/b78a1f9a78a09759c0265d85a325ab67
Meyna laxiflora Robyns.,Found,https://www.medicinalplants.in/searchpage/showdetails/xplant_id/98c810ae2787dceac870f83ad3b436de
Randia spinosa Poir.,Found,https://www.medicinalplants.in/searchpage/showdetails/xplant_id/1b163f98a9315a49f346598f315cbf73/xclkon/e2dd8c6529e2eebb9b6fd7ba82cf3773
Jasminum sp.,Not Found,
Glycyrrhiza glabra Linn.,Found,https://www.medicinalplants.in/searchpage/showdetails/xplant_id/dac1a2e0cbaf230775c55a864aa5eaed
Madhuca indica J. F. Gmel.,Found,https://www.medicinalplants.in/searchpage/showdetails/xplant_id/e3fcc9689d388df7e1e5be34ebefce8d
Madhuca indica J.F. Gmel.,Found,https://www.medicinalplants.in/searchpage/showdetails/xplant_id/e3fcc9689d388df7e1e5be34ebefce8d
B. longifolia (Koenig) Macb.,Not Found,
Madhuca butyracea (Roxb.) Macbride,Found,https://www.medicinalplants.in/searchpage/showdetails/xplant_id/13abc384d83346dcb2ce617d255f4e77/xclkon/3ff4adb60ccba96c944ebff4d146d791
Citrus maxima (Burm.) Merr,Found,https://www.medicinalplants.in/searchpage/showdetails/xplant_id/5f573ddc157ef1da57ccdbebe5a49d0f/xclkon/582cbedbf7c2787de1cd8959ec4040ad
Eleusine carocana Gaertn.,Not Found,
Eleusine coracana Gaertn.,Found,https://www.medicinalplants.in/searchpage/showdetails/xplant_id/eefb1d85143ce59c4ed159c03abdefb0
Eleusine flagellifra Nees.,Not Found,
Eleusine indica Gaertn.,Found,https://www.medicinalplants.in/searchpage/showdetails/xplant_id/a4bfc36d342cb82224e4e3567b8bf6a0
Sweet cucurbitaceous fruits,Not Found,
Moringa concanensis Nimmo.,Found,https://www.medicinalplants.in/searchpage/showdetails/xplant_id/786351fdbb2de896617a4b2c7624b1ad
Maerua arenaria Hook. f. & Th.,Found,https://www.medicinalplants.in/searchpage/showdetails/xplant_id/bc77c2aa87e1ff114f907d3113143778/xclkon/ac6ea730c6dfc3398882309d2305a899
Maerua arenaria Hook.f. and Thoms.,Found,https://www.medicinalplants.in/searchpage/showdetails/xplant_id/bc77c2aa87e1ff114f907d3113143778/xclkon/ac6ea730c6dfc3398882309d2305a899
Sida rhombifolia,Found,https://www.medicinalplants.in/searchpage/showdetails/xplant_id/66adc2910b86fe10b651ba566ad346f5
Sida rhombifolia Linn. Mast.,Found,https://www.medicinalplants.in/searchpage/showdetails/xplant_id/66adc2910b86fe10b651ba566ad346f5
Sida rhombifolia Linn. Mast. Var rhomboidea (Roxb.,Found,https://www.medicinalplants.in/searchpage/showdetails/xplant_id/66adc2910b86fe10b651ba566ad346f5
Araceae - spadix bearing plants,Not Found,
Zea mays Linn.,Found,https://www.medicinalplants.in/searchpage/showdetails/xplant_id/f3476338732e6aaa3552b0e693c87cf5
Polygonatum verticillatum Allioni,Found,https://www.medicinalplants.in/searchpage/showdetails/xplant_id/e9533607221db30df824b83bbba23b46
Melia azedarach Linn.,Found,https://www.medicinalplants.in/searchpage/showdetails/xplant_id/7329b8a791768adea566d3281881f4fe
Melia composita Willd.,Found,https://www.medicinalplants.in/searchpage/showdetails/xplant_id/3c6a389f01cb3f8ebfa0be70fe987c25/xclkon/2053988d906a6e8680160aecd49c0c8d
Spilanthus oleracea Murr.,Not Found,
Argyreia speciosa Sweet,Found,https://www.medicinalplants.in/searchpage/showdetails/xplant_id/607d1f5c66e7f3b95ed1190ae2e627e0/xclkon/fac1e9b33fbd53a0ab7b58344984a5b7
Smilax oxalifolia Roxb.,Not Found,
Phaseolus aconitifolius Jacq.,Found,https://www.medicinalplants.in/searchpage/showdetails/xplant_id/d0bd15dbcb4d37c93a9179136cb41564/xclkon/f073cf83d5d261931ca77b2eb007703f
Vigna aconitifolia (Jacq.) Marechal,Found,https://www.medicinalplants.in/searchpage/showdetails/xplant_id/d0bd15dbcb4d37c93a9179136cb41564
Eulophia nuda Lindl.,Found,https://www.medicinalplants.in/searchpage/showdetails/xplant_id/697fbfc95cc7e52a46c4a53e7ae1f1c6/xclkon/6fd057e92f78960ff47f742b759a9a10
Aganosma dichotoma (Roth.) K. Schum.,Found,https://www.medicinalplants.in/searchpage/showdetails/xplant_id/897f3cdce4cd7d57d2544e7ae66b0bec
Alpinia officinarum Hance.,Found,https://www.medicinalplants.in/searchpage/showdetails/xplant_id/a385033bd781f4e29344cc7823265274
Jasminum sambac Ait.,Found,https://www.medicinalplants.in/searchpage/showdetails/xplant_id/1bdc4942b0b3c49e17f20da87a4ec52a
Jasminum sambac Linn.,Found,https://www.medicinalplants.in/searchpage/showdetails/xplant_id/1bdc4942b0b3c49e17f20da87a4ec52a
Coptis teeta,Found,https://www.medicinalplants.in/searchpage/showdetails/xplant_id/2f162e4dceab9d1c0d1faf887e12a8f7
Soymida febrifuga A. Juss.,Found,https://www.medicinalplants.in/searchpage/showdetails/xplant_id/9d1c44e2d233abc3e05fb6a63084cd5f
Alocasia indica Schott.,Found,https://www.medicinalplants.in/searchpage/showdetails/xplant_id/c6a53b220ebf0e8aad02f5f07d22efe7/xclkon/152d4706dfe1370ce37176961c0ba6e7
Alocasia indica (Roxb) schott.,Found,https://www.medicinalplants.in/searchpage/showdetails/xplant_id/c6a53b220ebf0e8aad02f5f07d22efe7/xclkon/152d4706dfe1370ce37176961c0ba6e7
Alocasia indica (Roxb.) Schott.,Found,https://www.medicinalplants.in/searchpage/showdetails/xplant_id/c6a53b220ebf0e8aad02f5f07d22efe7/xclkon/152d4706dfe1370ce37176961c0ba6e7
Centella asiatica Linn. Urban,Found,https://www.medicinalplants.in/searchpage/showdetails/xplant_id/530fa0427b8083e0804865ed9412308e
Rubia cordifolia Linn.,Found,https://www.medicinalplants.in/searchpage/showdetails/xplant_id/4ec5c05469f4e92ee7f365922bee5353
Piper nigrum Linn.,Found,https://www.medicinalplants.in/searchpage/showdetails/xplant_id/ba0f1ced98218e0dfa2295cff395acdd
Amaranthus blitum var. oleracea Duthie,Found,https://www.medicinalplants.in/searchpage/showdetails/xplant_id/29694d8ade41a4c643a021f40fb8862d/xclkon/0080a8f062f06ce4b916c41865ca29d1
Cassia angustifolia Vabl.,Found,https://www.medicinalplants.in/searchpage/showdetails/xplant_id/43935e8d2aede8d6f69b22a7e157eba1/xclkon/4ebfdfa8bb171da203128b0e8add0ace
Amaranthus blitum Linn.,Found,https://www.medicinalplants.in/searchpage/showdetails/xplant_id/29694d8ade41a4c643a021f40fb8862d/xclkon/0080a8f062f06ce4b916c41865ca29d1
Amaranthus blitum Linn. var. oleracea Duthie,Found,https://www.medicinalplants.in/searchpage/showdetails/xplant_id/29694d8ade41a4c643a021f40fb8862d/xclkon/0080a8f062f06ce4b916c41865ca29d1
Amaranthus caudatus Linn.,Found,https://www.medicinalplants.in/searchpage/showdetails/xplant_id/e03c2afca3387229d74547e49bb426e7
Amaranthus mangostanus Linn.,Found,https://www.medicinalplants.in/searchpage/showdetails/xplant_id/ddaf27e6f3e104858d9b0cae48ddab01/xclkon/2e2e171aedc0fdf3ca5d4fcd271d9f14
Amaranthus spinosus Linn.,Found,https://www.medicinalplants.in/searchpage/showdetails/xplant_id/6a6729b8a694c06ae22f4c4c81e30eab
Mojorana hortensis Moench.,Not Found,
Origanum vulgare Linn.,Found,https://www.medicinalplants.in/searchpage/showdetails/xplant_id/6c0232afcae9216a8b8e6ca71dadbee1
Phaseolus mungo Linn.,Found,https://www.medicinalplants.in/searchpage/showdetails/xplant_id/4fa5110bd919175102d9218d50a1336c
Vigna mungo ( Linn) Hepper. Var. viridis,Found,https://www.medicinalplants.in/searchpage/showdetails/xplant_id/b1f8104caf3cd03763188a39cf068079
Vigna mungo (Linn) Hepper.,Found,https://www.medicinalplants.in/searchpage/showdetails/xplant_id/b1f8104caf3cd03763188a39cf068079
Vigna mungo (Linn) Hepper. Var mungo,Found,https://www.medicinalplants.in/searchpage/showdetails/xplant_id/b1f8104caf3cd03763188a39cf068079
Teramnus labialis Spreng.,Found,https://www.medicinalplants.in/searchpage/showdetails/xplant_id/4aea6ebfaefe12f31f04100b9c6edbe3
Lens culinaris Medic.,Found,https://www.medicinalplants.in/searchpage/showdetails/xplant_id/5e6e9064b1e2255ae069f638135e0d46
Enhydra sp.,Not Found,
Hydrocotyle sp.,Not Found,
Citrus maxima,Found,https://www.medicinalplants.in/searchpage/showdetails/xplant_id/5f573ddc157ef1da57ccdbebe5a49d0f/xclkon/582cbedbf7c2787de1cd8959ec4040ad
Quercus ilex Linn.,Found,https://www.medicinalplants.in/searchpage/showdetails/xplant_id/4c0cabae31f92999e5d9d69bb5a25068
Quercus incana Roxb.,Found,https://www.medicinalplants.in/searchpage/showdetails/xplant_id/aaee5467c828b15ed651e924c2c52d2e/xclkon/ef603918a0d9ea8e12694124ebace690
Actinopteris dichotoma Bedd.,Not Found,
Adiantum caudatum Linn.,Found,https://www.medicinalplants.in/searchpage/showdetails/xplant_id/d55e585ca4f2480b6cbf59c6e1bdae71/xclkon/2564db2a8011c9e2f2ef3f0a0e42a2ec
Celosia argentea,Found,https://www.medicinalplants.in/searchpage/showdetails/xplant_id/e9685512bf1908889701b8896bc9df7e/xclkon/848e8c8237d8eee63d638995a9a77fa0
Celosia argentea Linn. var. cristata.,Found,https://www.medicinalplants.in/searchpage/showdetails/xplant_id/e9685512bf1908889701b8896bc9df7e/xclkon/848e8c8237d8eee63d638995a9a77fa0
Celosia cristata Linn.,Found,https://www.medicinalplants.in/searchpage/showdetails/xplant_id/e9685512bf1908889701b8896bc9df7e
Polygonatum sp.,Not Found,
Litsea glutinosa (Lour.) C.B. Robins.,Found,https://www.medicinalplants.in/searchpage/showdetails/xplant_id/0637eb3e4addf2dee845ceecd804ae77
Dolichadrone falcata Seem,Not Found,
Dolichandrone falcata Seem,Found,https://www.medicinalplants.in/searchpage/showdetails/xplant_id/812ed115c585d63b8aea8971c1766024
Dolichandrone falcata Seem.,Found,https://www.medicinalplants.in/searchpage/showdetails/xplant_id/812ed115c585d63b8aea8971c1766024
Dolichondron falcata,Not Found,
Helictres ixora,Not Found,
Gymnema sylvestre,Found,https://www.medicinalplants.in/searchpage/showdetails/xplant_id/59a883322a70a566044a436da0136c5b
Trigonella foenum-graecum Linn.,Found,https://www.medicinalplants.in/searchpage/showdetails/xplant_id/f4f94984f63807963edf1f9876b1b1c9
Curculigo orchioides,Found,https://www.medicinalplants.in/searchpage/showdetails/xplant_id/9b3b2f091fce646055ab4609bbd38b03
Foeniculum vulgarae,Not Found,
Foeniculum vulgare Mill.,Found,https://www.medicinalplants.in/searchpage/showdetails/xplant_id/8ce8fe98c599dce3a2b0dd2970cdb0a4
Foeniculum vulgare Mill. var. dulce (Mill.) Thellu,Found,https://www.medicinalplants.in/searchpage/showdetails/xplant_id/8ce8fe98c599dce3a2b0dd2970cdb0a4
Foeniculum vulgare Mill. var. vulgare (Mill.) Thel,Found,https://www.medicinalplants.in/searchpage/showdetails/xplant_id/8ce8fe98c599dce3a2b0dd2970cdb0a4
Citrus limettoides Tanaka.,Not Found,
Salmalia malabarica Schott and Endl.,Found,https://www.medicinalplants.in/searchpage/showdetails/xplant_id/f4df3d740a26f6ad1fc5eec095132bff/xclkon/3cb86cbdb9510e8b57bb03383599897d
Coleus aromaticus,Found,https://www.medicinalplants.in/searchpage/showdetails/xplant_id/3d0e3feab4b454d5fc3c3b8213f6d55e/xclkon/11eb569af097cd83ceb9364189474e22
Saxi fraga ligulata,Not Found,
Schrebera swietenioides Roxb.,Found,https://www.medicinalplants.in/searchpage/showdetails/xplant_id/c7c0d57a4605cc69105b7f6970f990bc
Alangium Lamarkii.,Not Found,
Caesalpinia bonducella,Found,https://www.medicinalplants.in/searchpage/showdetails/xplant_id/8771ef45a4117aec066c75b5b5a8f76a/xclkon/9352cc4c494e6878de04bb6fcd3f8925
Maerua arenaria Hook.f. and Th.,Found,https://www.medicinalplants.in/searchpage/showdetails/xplant_id/bc77c2aa87e1ff114f907d3113143778/xclkon/ac6ea730c6dfc3398882309d2305a899
Gnetum montanum Markgraf.,Found,https://www.medicinalplants.in/searchpage/showdetails/xplant_id/f09f0454167c12a5bca011fbb66c040c
Pterospermum acerifolium Willd.,Found,https://www.medicinalplants.in/searchpage/showdetails/xplant_id/1b4081e222b0b912a46ae0f86016b991
Phaseolus radiatus Linn.,Found,https://www.medicinalplants.in/searchpage/showdetails/xplant_id/34e0474aa06f7828206ad2cc03c7fb36/xclkon/861966854b6f061d45d7d5b7ca0eee42
Vigna radiata (Linn) Wilczek.,Found,https://www.medicinalplants.in/searchpage/showdetails/xplant_id/34e0474aa06f7828206ad2cc03c7fb36
Phaseolus trilobus Ait.,Found,https://www.medicinalplants.in/searchpage/showdetails/xplant_id/d25559119de667b997e29e594c5fe377/xclkon/4235761c7cd7bcee37b6309bd47623ed
Jasminum malabaricum Wight.,Found,https://www.medicinalplants.in/searchpage/showdetails/xplant_id/cf51fe6f7a30459e205ef56576a92f15
Sapium insigne Triven.,Found,https://www.medicinalplants.in/searchpage/showdetails/xplant_id/a0322789536146116bbbc1e7285d1de7
Rauwolfia serpentina.,Not Found,
Raphanus sativus Linn.,Found,https://www.medicinalplants.in/searchpage/showdetails/xplant_id/104dcba22ce93f46f2ea040e5d70ad29
Sphaeranthus africans Linn.,Not Found,
Orchis latifolia Linn.,Found,https://www.medicinalplants.in/searchpage/showdetails/xplant_id/2ff75f5e20a8394b5638a00e923d5e75/xclkon/c94472dcaad102a13bdaa425e81c51fb
Eulophia campestris Wall.,Found,https://www.medicinalplants.in/searchpage/showdetails/xplant_id/1f07cd3aad9c08de84245c9d1ffa41a7
Eulophia herbacea Lindl.,Found,https://www.medicinalplants.in/searchpage/showdetails/xplant_id/e2ae590bf349b449c4be0661dbeefb93
Hedychium sp.,Not Found,
Selinium tenuifolium Wall.,Not Found,
Selinum tenuifolium Wall.,Found,https://www.medicinalplants.in/searchpage/showdetails/xplant_id/141928dd4d61e6e1d1544843fb482794/xclkon/ecd10a28a930f36cb01f655b0829a3b7
Bauhinia tomentosa,Found,https://www.medicinalplants.in/searchpage/showdetails/xplant_id/aec7323fe050ef19bbba0d307154dbce
Bauhinia vahlii,Found,https://www.medicinalplants.in/searchpage/showdetails/xplant_id/bdde7b4fb44547c717301fdfe633c6ca
Chenomorpha macrophylla,Not Found,
Chlonemorpha macrophylla.,Not Found,
Chonemorpha macrophylla (Roxb.) G. Don.,Found,https://www.medicinalplants.in/searchpage/showdetails/xplant_id/0e226f5253039d573103075266c8488d/xclkon/eb0264b4d22d944eb5dd16edf5266bc7
Chonemorpha macrophylla G. Don,Found,https://www.medicinalplants.in/searchpage/showdetails/xplant_id/0e226f5253039d573103075266c8488d/xclkon/eb0264b4d22d944eb5dd16edf5266bc7
Clematis gouriana Roxb.,Not Found,
Clematis triloba,Found,https://www.medicinalplants.in/searchpage/showdetails/xplant_id/1334cc2a4429e00ae0911dfb57dac9db
Helicteres isora,Found,https://www.medicinalplants.in/searchpage/showdetails/xplant_id/38a584df4e3681cfcec0c76b9237291c
Helicterus isora Linn.,Not Found,
Maerua arenaria,Found,https://www.medicinalplants.in/searchpage/showdetails/xplant_id/bc77c2aa87e1ff114f907d3113143778/xclkon/ac6ea730c6dfc3398882309d2305a899
Maerva arenaria Hook.f. & Thoms.,Not Found,
Marsdenea roylei,Not Found,
Marsdenia roylei Wight.,Found,https://www.medicinalplants.in/searchpage/showdetails/xplant_id/bb62a225489176c0a23ba1afa52dc7a3
Marsdenia tenacissima,Found,https://www.medicinalplants.in/searchpage/showdetails/xplant_id/55932a997069277821e1beb2addca1f5
Marsdenia tenacissima W. & A.,Found,https://www.medicinalplants.in/searchpage/showdetails/xplant_id/55932a997069277821e1beb2addca1f5
Salvadora persica,Found,https://www.medicinalplants.in/searchpage/showdetails/xplant_id/075b1ba44b6d5100c962e49f555de13f/xclkon/9d465fff1cb67579bd1fdb68eabadb47
Sansevieria roxburghiana Schult.,Found,https://www.medicinalplants.in/searchpage/showdetails/xplant_id/68a505a1dced9a8acba71c2d18d6b6b9
Sansvieria roxburghiana Schult.f.,Not Found,
Senseviera zeylanica,Not Found,
Wattakaka volubilis (Linn.f.) Stapf.,Found,https://www.medicinalplants.in/searchpage/showdetails/xplant_id/66abd203e28e8a1260e62436cbe8a63d
Asparagus adscendens Roxb.,Found,https://www.medicinalplants.in/searchpage/showdetails/xplant_id/31ff91e8cf2224fccb7fbb9372601656
Asparagus sp.,Not Found,
Chlorophytnm arundinaceum Baker.,Not Found,
Chlorophytum arundinaceum Baker.,Found,https://www.medicinalplants.in/searchpage/showdetails/xplant_id/64d4c1f1f88873a7bc4d0c42bb06ddbd
Chlorophytum tuberosum Baker,Found,https://www.medicinalplants.in/searchpage/showdetails/xplant_id/b13c30a10304d6e64bbc70c7f7cfbf80
Ipomoea reniformis Chois.,Found,https://www.medicinalplants.in/searchpage/showdetails/xplant_id/f914465bab5b5ed0307908b9d8856abd/xclkon/919accc8f51788781ae03eef778e1b23
Cyperus rotundus,Found,https://www.medicinalplants.in/searchpage/showdetails/xplant_id/1c8c02b5248cc81ef2a1e21eac54d7df
Cyperus rotundus Linn.,Found,https://www.medicinalplants.in/searchpage/showdetails/xplant_id/1c8c02b5248cc81ef2a1e21eac54d7df
Lantana sp.,Not Found,
Gardenia lucida Roxb.,Found,https://www.medicinalplants.in/searchpage/showdetails/xplant_id/c598ff0a6d4684d0cc75767a62ccd544/xclkon/40019bb2e2d492c9e486a1e5ed4ec811
Grewia hirsuta Vahl var. helicterifolia,Found,https://www.medicinalplants.in/searchpage/showdetails/xplant_id/f6bc8eecacb4603ff55b517bd520ce35
Grewia populifolia Vahl,Found,https://www.medicinalplants.in/searchpage/showdetails/xplant_id/0d55d68ad98158b6b396e904b383e423/xclkon/66feb0515459f30cab7f7c55edb2b2a9
Grewia tenax fiori Bos.,Found,https://www.medicinalplants.in/searchpage/showdetails/xplant_id/0d55d68ad98158b6b396e904b383e423
Sida vernonicaefolia Lam.,Not Found,
Urena lobata Linn.,Found,https://www.medicinalplants.in/searchpage/showdetails/xplant_id/f01b044e964868161e27d2b032a1e6af
Sansevieria roxburghiana Schult. f.,Found,https://www.medicinalplants.in/searchpage/showdetails/xplant_id/68a505a1dced9a8acba71c2d18d6b6b9
Sansevieria hyacinthoides (Linn.) Druce.,Found,https://www.medicinalplants.in/searchpage/showdetails/xplant_id/2321b658c4473068df3516f2836eabe4
Baliospernum calycinum Muell-Arg.,Not Found,
Croton oblongifolius,Found,https://www.medicinalplants.in/searchpage/showdetails/xplant_id/8783a7235f3055037ecf53fdd382fc39/xclkon/2ba2214c1eac5ed6152559704bdcaedb
Croton oblongifolius Roxb.,Found,https://www.medicinalplants.in/searchpage/showdetails/xplant_id/8783a7235f3055037ecf53fdd382fc39/xclkon/2ba2214c1eac5ed6152559704bdcaedb
Calophyllum inophyllum Linn.,Found,https://www.medicinalplants.in/searchpage/showdetails/xplant_id/63361b942f516ca1f261db839c74d854
Cinnamomum sp.,Not Found,
Cinnamomum wightii,Found,https://www.medicinalplants.in/searchpage/showdetails/xplant_id/ffb69f4e222a7d9473fc0909c80ef205
Cinnamomum Wightii,Found,https://www.medicinalplants.in/searchpage/showdetails/xplant_id/ffb69f4e222a7d9473fc0909c80ef205
Dilienia pentagyna Roxb.,Not Found,
Dillenia pentagyna,Found,https://www.medicinalplants.in/searchpage/showdetails/xplant_id/69187c98d65911f2688eb248130c3568
Mesua ferrea,Found,https://www.medicinalplants.in/searchpage/showdetails/xplant_id/b6d6c1d42d9f0e734974f13a160553b0/xclkon/186a824bd1fbae66409ba12aab6593be
Mesua ferrea Linn.,Found,https://www.medicinalplants.in/searchpage/showdetails/xplant_id/b6d6c1d42d9f0e734974f13a160553b0/xclkon/186a824bd1fbae66409ba12aab6593be
Ochrocarpus longifolia,Not Found,
Ochrocarpus longifolius Benth. & Hook.f.,Found,https://www.medicinalplants.in/searchpage/showdetails/xplant_id/20538932dc67840fe5313c4b4b3d8bb9/xclkon/a8275aef309c1fb7902d725be4896afb
Piper longum Linn.,Found,https://www.medicinalplants.in/searchpage/showdetails/xplant_id/10f3a59b845d9890f688ad66980941fa
Piper officinarum C. DC.,Found,https://www.medicinalplants.in/searchpage/showdetails/xplant_id/fd9f5cb9d41fda0052cc6e85fd31c396/xclkon/833f2849974c593828b4347b5ebf1d30
Cyperus scariosuss R. Br.,Not Found,
Arisaema alba N.E. Br.,Found,https://www.medicinalplants.in/searchpage/showdetails/xplant_id/1dc9bd4cafbfec108bf087f636abd5db
Euphorbia Thymifolia,Found,https://www.medicinalplants.in/searchpage/showdetails/xplant_id/21e26bb85bbab718a7f8ca66e21cd10e
Enicostemma littorale Blume.,Found,https://www.medicinalplants.in/searchpage/showdetails/xplant_id/0487812b0cc32dc0742a1efb484b6759/xclkon/4616c13b6cdcf30b2790cdb511889aa6
Rauwolfia serpentina Benth. ex Kurz.,Not Found,
Arundo donax Linn.,Found,https://www.medicinalplants.in/searchpage/showdetails/xplant_id/2f2ad14ae94ece76f05a931850e180e5
Phragmites maxima Blatter & McCann.,Found,https://www.medicinalplants.in/searchpage/showdetails/xplant_id/130721dc95f6a7e5434c31359fc34c32/xclkon/88e1880a90e63e7e12391cd7dee811a0
Phragmites karka Trin. Ex. Steud.,Found,https://www.medicinalplants.in/searchpage/showdetails/xplant_id/130721dc95f6a7e5434c31359fc34c32
Cinnamomum tamala,Found,https://www.medicinalplants.in/searchpage/showdetails/xplant_id/a2f427bdd69c3196852735873010d367
Ipomaea aquatica,Not Found,
Ipomoea acquatica Forsk.,Not Found,
Litsea sp.,Not Found,
Cedrela toona,Found,https://www.medicinalplants.in/searchpage/showdetails/xplant_id/52c82345cac6d02ebb5565290d2a1171
Ficus altissima Blume,Found,https://www.medicinalplants.in/searchpage/showdetails/xplant_id/d6278598f20a17066fe44bb1b1f8e3b1
Ficus retusa,Found,https://www.medicinalplants.in/searchpage/showdetails/xplant_id/3719e478e95b8cb9f9c878eca7a7e893/xclkon/0a6b22a0bd35ea31fb2c60b3431bd7be
Ficus retusa Linn.,Found,https://www.medicinalplants.in/searchpage/showdetails/xplant_id/3719e478e95b8cb9f9c878eca7a7e893/xclkon/0a6b22a0bd35ea31fb2c60b3431bd7be
Tabernaemontana coronaria,Found,https://www.medicinalplants.in/searchpage/showdetails/xplant_id/5f8bfd4196998db48c75cf43cc008be3/xclkon/5c7f553bf903a7526d122f802c99d498
Thespesia populnea,Found,https://www.medicinalplants.in/searchpage/showdetails/xplant_id/2cb098aab4546846e90d3847fd23c2b2
Citrus reticulata Blanc.,Found,https://www.medicinalplants.in/searchpage/showdetails/xplant_id/6fbc2de5b1514d4dd8191d02f72678af
Citrus reticulata Blanco.,Found,https://www.medicinalplants.in/searchpage/showdetails/xplant_id/6fbc2de5b1514d4dd8191d02f72678af
Citrus auranticum Linn.,Not Found,
Citrus sinensis Linn.,Found,https://www.medicinalplants.in/searchpage/showdetails/xplant_id/6873a2b39059560da7ca97489d8906a8
Indigofera sp.,Not Found,
Cocos nucifera Linn.,Found,https://www.medicinalplants.in/searchpage/showdetails/xplant_id/eeebd0ff22ec7f2d48b7194212dcf0f7
Barringtonia acutangula (Linn.) Gaertn.,Found,https://www.medicinalplants.in/searchpage/showdetails/xplant_id/6e400ba7639ad39d4c014b5371b3fa8e
Barringtonia racemosa Roxb.,Found,https://www.medicinalplants.in/searchpage/showdetails/xplant_id/b14490a3c7c4c893d2ba90b25a5c499e
Prunus armeniaca Linn.,Found,https://www.medicinalplants.in/searchpage/showdetails/xplant_id/9bf02cf42ae0025a11c2d5cff0e712f8
Prunus persica Batsch,Found,https://www.medicinalplants.in/searchpage/showdetails/xplant_id/2bf56a0d5e41aedc5b6c3540f9851c05
Aesculus indicus Colebr.,Not Found,
Pinus gerardiana Wall.,Found,https://www.medicinalplants.in/searchpage/showdetails/xplant_id/a5694af47b9b29d0368c373570911eec
Indigofera tinctoria Linn.,Found,https://www.medicinalplants.in/searchpage/showdetails/xplant_id/b741a4f3f94c534e33af5925404fab5d
Azadirachta indica A. Juss,Found,https://www.medicinalplants.in/searchpage/showdetails/xplant_id/824a2c2219788b48e2a3bb1633d43370
Azadirachta indica A. Juss.,Found,https://www.medicinalplants.in/searchpage/showdetails/xplant_id/824a2c2219788b48e2a3bb1633d43370
Picrasma quassioides Bennett.,Found,https://www.medicinalplants.in/searchpage/showdetails/xplant_id/1aae8891c6df4b711d19e75adb4dff29
Citrus aurantifolia (Christm) Swingle.,Found,https://www.medicinalplants.in/searchpage/showdetails/xplant_id/9206a7ef87810415146fc58fb4c39184
Vitex Trifolia Linn. F.,Found,https://www.medicinalplants.in/searchpage/showdetails/xplant_id/bd8e4afac03c74f8418e456476456161
Delphinium denudatum Wall.,Found,https://www.medicinalplants.in/searchpage/showdetails/xplant_id/e012c1a10701bb8d5b9dbc991bd5f1a3
Delphinium denudatum,Found,https://www.medicinalplants.in/searchpage/showdetails/xplant_id/e012c1a10701bb8d5b9dbc991bd5f1a3
Dolichos lablab Linn.,Found,https://www.medicinalplants.in/searchpage/showdetails/xplant_id/d7a273327201ad5dcb276075872c4604
Hygroryza aristata Nees.,Found,https://www.medicinalplants.in/searchpage/showdetails/xplant_id/d95ab7bd1991c2e7c03962d07e5b1f57
Eleusine aegyptiaca Desf.,Found,https://www.medicinalplants.in/searchpage/showdetails/xplant_id/2d561019cdc3054d595e12e34b7a47d3/xclkon/b7bad29b0bc55298b8138ceddd23b8ef
Achyranthes aspera.,Not Found,
Anthocephalus cadamb,Found,https://www.medicinalplants.in/searchpage/showdetails/xplant_id/84b3ccebf56292e28d68c311540dc57b/xclkon/2e0bec78b33f9ea9a8a4e7a59533e763
Eleusine corocana,Not Found,
Eleusine corocuna,Not Found,
Hymenachne amplexicaulis (Rudge) Nees.,Not Found,
Pogostemon cablin Benth.,Found,https://www.medicinalplants.in/searchpage/showdetails/xplant_id/9aacb504af9f247f5e0d91d23027211c
Pogostemon heyneanus Benth.,Found,https://www.medicinalplants.in/searchpage/showdetails/xplant_id/a897818be825acfe7dcac7b5ed7402b2
Physalis peruviana Linn.,Found,https://www.medicinalplants.in/searchpage/showdetails/xplant_id/b97141629b7cfc13da7e7af51ac8dbd3
Prunus cerasoides D. Don.,Found,https://www.medicinalplants.in/searchpage/showdetails/xplant_id/5522ff065cc5f789461e2a2a48bb6ca1
Prunus cerasoides D. Don. var. majestica ingram,Found,https://www.medicinalplants.in/searchpage/showdetails/xplant_id/5522ff065cc5f789461e2a2a48bb6ca1
Prunus cerasoides D. Don. var. rubeus ingram,Found,https://www.medicinalplants.in/searchpage/showdetails/xplant_id/5522ff065cc5f789461e2a2a48bb6ca1
Allium cepa Linn.,Found,https://www.medicinalplants.in/searchpage/showdetails/xplant_id/d328e032eb232543e49a5288d340e70b
Spinacia oleracea Linn.,Found,https://www.medicinalplants.in/searchpage/showdetails/xplant_id/07066ef565edde9125663701f29a9ecd
Spinacia oleracia Linn.,Not Found,
Butea monosperma (Lam.) Kuntze.,Found,https://www.medicinalplants.in/searchpage/showdetails/xplant_id/cb8c6123872fb49d5b8ffb3be64cabea
Butea monosperma (Linn.) Kuntze.,Found,https://www.medicinalplants.in/searchpage/showdetails/xplant_id/cb8c6123872fb49d5b8ffb3be64cabea
Butea superba Roxb.,Found,https://www.medicinalplants.in/searchpage/showdetails/xplant_id/5e4ebc365194ed7dde1e2162a2a012b7
Psidium guyava,Found,https://www.medicinalplants.in/searchpage/showdetails/xplant_id/3fdda2688c27df3027657e00882c20d6/xclkon/975930e0996cae25e596c9af45e3c4f4
Artocarpus heterophyllus Lam.,Found,https://www.medicinalplants.in/searchpage/showdetails/xplant_id/f341d2db9e612bbf5245e10133d7cd44
Artocarpus integra (Thunb) Merrill.,Found,https://www.medicinalplants.in/searchpage/showdetails/xplant_id/f341d2db9e612bbf5245e10133d7cd44/xclkon/dd1192ea88062859e11fa8c24755d6ad
Artocarpus integra (Thunb.) Merrill.,Found,https://www.medicinalplants.in/searchpage/showdetails/xplant_id/f341d2db9e612bbf5245e10133d7cd44/xclkon/dd1192ea88062859e11fa8c24755d6ad
Delima scandens Burkill.,Found,https://www.medicinalplants.in/searchpage/showdetails/xplant_id/302b15d9541dfb162fbfdd1b15a2fe25/xclkon/af992980b10023046bbd813e16081cf3
Uncaria sessilifructus Roxb.,Found,https://www.medicinalplants.in/searchpage/showdetails/xplant_id/b24509b96e5fe6dccd5533430b8e4efd
Iris ensata thunb.,Found,https://www.medicinalplants.in/searchpage/showdetails/xplant_id/17d9ad4cdc84b5351797987cde65a379
Hyoscyamus niger Linn.,Found,https://www.medicinalplants.in/searchpage/showdetails/xplant_id/88e1d06b17b4a58028081693f16d2239
Adiantum capillus,Not Found,
Vitex leucoxylon Linn.f.,Found,https://www.medicinalplants.in/searchpage/showdetails/xplant_id/585e39d7a39848fcc72a6a3a13e0c99a
Vitex pedunculalaris Wall.,Not Found,
Vitex sp.,Not Found,
Zanthoxylum sp.,Not Found,
Erythrina indica Lam.,Found,https://www.medicinalplants.in/searchpage/showdetails/xplant_id/9da4a2d302421acdaade99983bef319d/xclkon/ffef96b012fd8b5ae25a48a954e3c5df
Erythrina suberosa Roxb.,Not Found,
Erythrina variegata Linn. Var. orientalis (Linn.),Found,https://www.medicinalplants.in/searchpage/showdetails/xplant_id/9da4a2d302421acdaade99983bef319d
Nyctanthes arbortristis Linn.,Not Found,
Erythrina variegata Linn. var. orientalis (Linn.),Found,https://www.medicinalplants.in/searchpage/showdetails/xplant_id/9da4a2d302421acdaade99983bef319d
Nyctanthes arbor-tristis Linn.,Found,https://www.medicinalplants.in/searchpage/showdetails/xplant_id/1fbf96782c22d2fe4a001d4ed9be0c9b
Thespasia populnea Soland ex Correa.,Not Found,
Bryophyllum pinnatum (Lam.) Kurz.,Found,https://www.medicinalplants.in/searchpage/showdetails/xplant_id/f1eaa4296cc16c448d8039c9cc138d25/xclkon/e32c19691334fb0592d3701053ffad90
Kalanchoe integra (Medic) Kutze.,Found,https://www.medicinalplants.in/searchpage/showdetails/xplant_id/26abd53a61097e10227894fe3bc79223
Kalanchoe laciniata (Linn.) DC.,Found,https://www.medicinalplants.in/searchpage/showdetails/xplant_id/28fcf18da78d6242da90c99e9f7824a5
Ocimum sanctum Linn.,Found,https://www.medicinalplants.in/searchpage/showdetails/xplant_id/b3faedcb64cd0f9a51be4c9d54acaf69/xclkon/70fe8f0f9c2b14cf8f0862e6637ffe50
Coleus amboinicus Lour.,Not Found,
Fumaria indica Pugsley,Found,https://www.medicinalplants.in/searchpage/showdetails/xplant_id/dec41b8a5572d1c4acbdc909f89a8248/xclkon/1ecde723108465eda012594612add28c
Fumaria officinalis Linn.,Found,https://www.medicinalplants.in/searchpage/showdetails/xplant_id/8d44528602c63cc6a2a7b5f7339fe767
Fumaria parviflora,Found,https://www.medicinalplants.in/searchpage/showdetails/xplant_id/dec41b8a5572d1c4acbdc909f89a8248/xclkon/07e931baad360fecb11f0d2634aff041
Fumaria parviflora Lam.,Found,https://www.medicinalplants.in/searchpage/showdetails/xplant_id/dec41b8a5572d1c4acbdc909f89a8248/xclkon/07e931baad360fecb11f0d2634aff041
Fumaria vaillantii Loisel.,Found,https://www.medicinalplants.in/searchpage/showdetails/xplant_id/dec41b8a5572d1c4acbdc909f89a8248
Glossocardia bosvallia DC.,Not Found,
Justica procumbens Linn.,Not Found,
Justicia procumbens Linn.,Found,https://www.medicinalplants.in/searchpage/showdetails/xplant_id/482ec2e8fa12c967dd3f7f2df646a992
Mollugo cerviana Ser.,Found,https://www.medicinalplants.in/searchpage/showdetails/xplant_id/9f4e367511a4b37c7dbb1734f71bb44a
Mollugo hirta Thunb.,Found,https://www.medicinalplants.in/searchpage/showdetails/xplant_id/67349d031267ee6d717be88c91b873eb/xclkon/cec6d03d0e1bbe969c56f2e457d35f35
Mollugo oppositaefolia,Not Found,
Mollugo oppositaefolia Linn.,Not Found,
Oldenlandea corymbosa Linn.,Not Found,
Oldenlandia biflora Linn.,Not Found,
Oldenlandia corymbosa Linn.,Found,https://www.medicinalplants.in/searchpage/showdetails/xplant_id/0f9d83e517e44168951d5f8cf8b92163/xclkon/a95d13d7b4812eea65dbfb6f0f93fb64
Polycarpaea corymbeosa Linn.,Not Found,
Polycarpaea corymbosa,Found,https://www.medicinalplants.in/searchpage/showdetails/xplant_id/a68d0c37ea25eeabac9c6120bbc518de
Polycarpea corymbosa Linn.,Not Found,
Rungia repens,Found,https://www.medicinalplants.in/searchpage/showdetails/xplant_id/ac1ae5531797f88862a32cc8b7698504
Rungia repens Nees.,Found,https://www.medicinalplants.in/searchpage/showdetails/xplant_id/ac1ae5531797f88862a32cc8b7698504
Gardenia latifolia Ait.,Found,https://www.medicinalplants.in/searchpage/showdetails/xplant_id/b8eef072980be60b64f6d38b7b526a90
Grewia asiatica Linn.,Found,https://www.medicinalplants.in/searchpage/showdetails/xplant_id/f86843597b52b356132f6003035afafc/xclkon/3a743b97d0192dc8b2aed9418d30e39c
Aerva Javanica Juss.,Found,https://www.medicinalplants.in/searchpage/showdetails/xplant_id/6030ad577f0745e800703f22db3cdd78
Ammania baccifera Linn.,Not Found,
Bergenia Ligulata,Found,https://www.medicinalplants.in/searchpage/showdetails/xplant_id/f1d049b12746b9fcb10349f82b32d0ec/xclkon/2465817c4a7dab9f66eb227768ec7ecb
Bergenia ligulata (Wall),Found,https://www.medicinalplants.in/searchpage/showdetails/xplant_id/f1d049b12746b9fcb10349f82b32d0ec/xclkon/2465817c4a7dab9f66eb227768ec7ecb
Bergenia ligulata (Wall.) Engl.,Found,https://www.medicinalplants.in/searchpage/showdetails/xplant_id/f1d049b12746b9fcb10349f82b32d0ec/xclkon/2465817c4a7dab9f66eb227768ec7ecb
Bergenia ligulata (Wall.) Engle.,Found,https://www.medicinalplants.in/searchpage/showdetails/xplant_id/f1d049b12746b9fcb10349f82b32d0ec/xclkon/2465817c4a7dab9f66eb227768ec7ecb
Bryophyllum calicynum Salisb.,Found,https://www.medicinalplants.in/searchpage/showdetails/xplant_id/f1eaa4296cc16c448d8039c9cc138d25/xclkon/5ed1307213896a8fc03c2698e7fb79be
Bryophyllum calycinum Salisb.,Not Found,
Didymocarpus pedicellata. R. Br.,Not Found,
Homania riporia Lour.,Not Found,
Homonoia riparia Lour.,Found,https://www.medicinalplants.in/searchpage/showdetails/xplant_id/6ca9c69c4e0805177adcfdb46e5c4c09
Northosaerva brachiata Wight.,Not Found,
Ocimum basillicum,Not Found,
Rotula Aquatica Lour.,Found,https://www.medicinalplants.in/searchpage/showdetails/xplant_id/d2abdd6edd47dc6b62102a91c16bf1cd
Rotula aquatica Lour.,Found,https://www.medicinalplants.in/searchpage/showdetails/xplant_id/d2abdd6edd47dc6b62102a91c16bf1cd
Bergenia stracheyi H.f. & T.,Found,https://www.medicinalplants.in/searchpage/showdetails/xplant_id/03bc9f98e4a827873261a5104a0c374c
Didymocarpus aromatica,Not Found,
Didymocarpus oblonga Wall.,Not Found,
Didymocarpus pedicellata.R. Br.,Not Found,
Didymocarpus podocarpa Clarke.,Not Found,
Didymocarpus villosa Don.,Not Found,
Radermachera xylocarpa (Roxb.)K. Schum.,Found,https://www.medicinalplants.in/searchpage/showdetails/xplant_id/8eb5bffeca052079f62e14fa39ccdccb
Stereospermum chelonoides,Found,https://www.medicinalplants.in/searchpage/showdetails/xplant_id/81a7142da6d3e9316c713044dd02140d
Stereospermum suaveolens DC.,Found,https://www.medicinalplants.in/searchpage/showdetails/xplant_id/81a7142da6d3e9316c713044dd02140d/xclkon/d0cb50c09044ca93fc581652ab7273db
Stereospermum Suaveolens DC.,Found,https://www.medicinalplants.in/searchpage/showdetails/xplant_id/81a7142da6d3e9316c713044dd02140d/xclkon/d0cb50c09044ca93fc581652ab7273db
Stereospermum tetragonum DC.,Found,https://www.medicinalplants.in/searchpage/showdetails/xplant_id/313938af7d4fee70d5638abc68208358/xclkon/80e9e02279c6d39c020f91ccdd2a8eca
Cissampelos pareira Linn.,Found,https://www.medicinalplants.in/searchpage/showdetails/xplant_id/db65a57f09ae70c2cf447635e8bbd8b3
Cissampelos pariera Linn.,Not Found,
Cyclea burmanni Miers.,Found,https://www.medicinalplants.in/searchpage/showdetails/xplant_id/276e74a55544bd9c69f8907a3dbf71a7/xclkon/b8daf3cbe6469cbb17c2ea883d858255
Cyclea peltata H.f.& T.,Found,https://www.medicinalplants.in/searchpage/showdetails/xplant_id/276e74a55544bd9c69f8907a3dbf71a7/xclkon/e34e0bb0cccedf7c994ee4a9480da21b
Stephania hernandifolia (Willd.) Walp.,Found,https://www.medicinalplants.in/searchpage/showdetails/xplant_id/41bb8e79ca9008863b51aee2e9b9ac0c/xclkon/3001c0837b219c672e4d6afe2a9d953a
Cyclea arnotii Miers.,Found,https://www.medicinalplants.in/searchpage/showdetails/xplant_id/276e74a55544bd9c69f8907a3dbf71a7
Stephania glabra Miers.,Found,https://www.medicinalplants.in/searchpage/showdetails/xplant_id/cc04a525af9be52f32c1b7c58ff850bb
Cissampelos pariera.,Not Found,
Cyclea peltata,Found,https://www.medicinalplants.in/searchpage/showdetails/xplant_id/276e74a55544bd9c69f8907a3dbf71a7/xclkon/e34e0bb0cccedf7c994ee4a9480da21b
Lochnera rosea,Found,https://www.medicinalplants.in/searchpage/showdetails/xplant_id/6d9f8e9bebdec421ee02eb5709bbca66/xclkon/8f8b3bf29623526b943200b3d53f7464
Brassica oleracia Var. capitata Linn.,Not Found,
Celosia argentea var. cristata Voss.,Found,https://www.medicinalplants.in/searchpage/showdetails/xplant_id/e9685512bf1908889701b8896bc9df7e/xclkon/848e8c8237d8eee63d638995a9a77fa0
Celosia argentia Linn.,Not Found,
Ficus carica Linn.,Found,https://www.medicinalplants.in/searchpage/showdetails/xplant_id/6789105993e26a315cae8a69d6d516a1
Ficus cunia Ham. ex Roxb.,Found,https://www.medicinalplants.in/searchpage/showdetails/xplant_id/d2b93a9ada387510b79141919cfc3fcf/xclkon/0c84bb615d7d9a3c0eb1949373cdd4e6
Ficus palmata Forsk.,Not Found,
Origanum majorana Linn.,Found,https://www.medicinalplants.in/searchpage/showdetails/xplant_id/84e4b831f506c0fdda468af246ecea3a/xclkon/073507649417c5fc48c69fe9f602e52d
Rivea ornata Chois,Found,https://www.medicinalplants.in/searchpage/showdetails/xplant_id/f279b92eac069ae5e907b8ad0f16a131
Rivea ornata Chois.,Found,https://www.medicinalplants.in/searchpage/showdetails/xplant_id/f279b92eac069ae5e907b8ad0f16a131
Calligonum polygonoides Linn.,Found,https://www.medicinalplants.in/searchpage/showdetails/xplant_id/0cde8e5f82a4056d8e0ff6ba531a0544
Celosia sp.,Not Found,
Salvadora oleoides Dcne.,Found,https://www.medicinalplants.in/searchpage/showdetails/xplant_id/298b308c16b211598a8b934e7127cc88
Salvadora oleoides Decne.,Found,https://www.medicinalplants.in/searchpage/showdetails/xplant_id/298b308c16b211598a8b934e7127cc88
Salvadora persica Linn.,Found,https://www.medicinalplants.in/searchpage/showdetails/xplant_id/075b1ba44b6d5100c962e49f555de13f/xclkon/9d465fff1cb67579bd1fdb68eabadb47
Randia uliginosa DC.,Found,https://www.medicinalplants.in/searchpage/showdetails/xplant_id/55a85aaf339f7ebe3210e3a60a443d86
Piper peepuloides Roxb.,Not Found,
Piper longum,Found,https://www.medicinalplants.in/searchpage/showdetails/xplant_id/10f3a59b845d9890f688ad66980941fa
Piper sp.,Not Found,
Calumba-Jateorhiza palmata. miers.,Not Found,
Coscinum fenestratum,Not Found,
Cucurbita maxima Duchesne.,Found,https://www.medicinalplants.in/searchpage/showdetails/xplant_id/8925d9571844bba4cdb019ddbd390779
Cucurbita moschata Duchesne ex Poir.,Not Found,
Cyperus sp.,Not Found,
Ficus arnottiana Miq.,Found,https://www.medicinalplants.in/searchpage/showdetails/xplant_id/82816eacf84ab123e30324dd7f1815e8
Ficus lacor Buch-Ham.,Found,https://www.medicinalplants.in/searchpage/showdetails/xplant_id/d735665e53d34c0b612c79b7aebcb3e0
Ficus lacor Buch.-Ham.,Found,https://www.medicinalplants.in/searchpage/showdetails/xplant_id/d735665e53d34c0b612c79b7aebcb3e0
Ficus talboti G. King,Found,https://www.medicinalplants.in/searchpage/showdetails/xplant_id/8573aec452d552b86ea2d5cc47069cc7
Flacourtia jangomas (Lour.) Raeusch,Found,https://www.medicinalplants.in/searchpage/showdetails/xplant_id/d39c57b5c8a2087f65aa443a7f693124
Flacourtia jangomas Raeusch.,Found,https://www.medicinalplants.in/searchpage/showdetails/xplant_id/d39c57b5c8a2087f65aa443a7f693124
Hedychium flavescens Carey,Not Found,
Leptadenia spartium Wight.,Found,https://www.medicinalplants.in/searchpage/showdetails/xplant_id/be2415ffb71cfbb5651d00611a2ffcd7
Aconitum palmatum,Found,https://www.medicinalplants.in/searchpage/showdetails/xplant_id/1dd4bdb4fdf04a0c3cac083768bd8de8/xclkon/6f37388d3ce6a637065ac4063cbd2fa0
Aconitum palmatum D. Don.,Found,https://www.medicinalplants.in/searchpage/showdetails/xplant_id/1dd4bdb4fdf04a0c3cac083768bd8de8/xclkon/6f37388d3ce6a637065ac4063cbd2fa0
Buchanania lanzan Spreng.,Found,https://www.medicinalplants.in/searchpage/showdetails/xplant_id/c3ebdb8352b0a28552fb6a32e2044659
Aglaia roxburghiana Miq.,Found,https://www.medicinalplants.in/searchpage/showdetails/xplant_id/a1196702c506e590161ca11e568e45e9/xclkon/ab4eafbc77fae2da372824c74f244474
Callicarpa macrophylla Vahl.,Found,https://www.medicinalplants.in/searchpage/showdetails/xplant_id/adea83ae493dfc4b7a3ada879d9cab93
Aglaia roxburghiana,Found,https://www.medicinalplants.in/searchpage/showdetails/xplant_id/a1196702c506e590161ca11e568e45e9/xclkon/ab4eafbc77fae2da372824c74f244474
Buchanania latifolia Roxb.,Found,https://www.medicinalplants.in/searchpage/showdetails/xplant_id/c3ebdb8352b0a28552fb6a32e2044659/xclkon/16a29852ee33afa1969289d9c7e634e5
Callicarpa macrophylla,Found,https://www.medicinalplants.in/searchpage/showdetails/xplant_id/adea83ae493dfc4b7a3ada879d9cab93
Prunus mahaleb,Found,https://www.medicinalplants.in/searchpage/showdetails/xplant_id/c28ef0095af12549def683fc1a04f1b5
Setaria italica,Found,https://www.medicinalplants.in/searchpage/showdetails/xplant_id/531a08f076a25952ab592dbcd554bd1d
Uraria lagopoides DC.,Not Found,
Uraria picta,Found,https://www.medicinalplants.in/searchpage/showdetails/xplant_id/f4e82744c0c8bde20d33e0ab5275ea5e
Uraria picta Deso,Found,https://www.medicinalplants.in/searchpage/showdetails/xplant_id/f4e82744c0c8bde20d33e0ab5275ea5e
Entada scandens Benth.,Found,https://www.medicinalplants.in/searchpage/showdetails/xplant_id/866f4a7d571c9da93c321934849f1953
Areca catechu Linn.,Found,https://www.medicinalplants.in/searchpage/showdetails/xplant_id/28342ccb2220a6664e346dc80c25efc4
Rhododendron arboreum sm.,Found,https://www.medicinalplants.in/searchpage/showdetails/xplant_id/79a47e638b287f45442a85aad8cde8c0
Boerhaavia diffusa Linn.,Not Found,
Boerhaavia repanda Willd.,Not Found,
Boerhaavia repens Linn.,Not Found,
Boerhaavia verticillata Poir.,Not Found,
Boerhavia diffusa Linn.,Found,https://www.medicinalplants.in/searchpage/showdetails/xplant_id/75868742d47c459a0bbef44b988ead65
Trianthema decandra Linn.,Found,https://www.medicinalplants.in/searchpage/showdetails/xplant_id/1372e484a4544888cd653df753bfaf83/xclkon/c72ff456a59ea3b9fe163df8f041a0bd
Trianthema partulacastrum Linn.,Not Found,
Trianthema pentandra Linn.,Not Found,
Trianthema portulacastrum Linn.,Found,https://www.medicinalplants.in/searchpage/showdetails/xplant_id/2df78fec71f8a7390767f6a3406b4b8f
Boerhavia repanda Willd.,Not Found,
Colopfiyllumm inophyllum Linn.,Not Found,
Nelemubo nucifera Gaertn.,Not Found,
Inula racemosa Hook f.,Found,https://www.medicinalplants.in/searchpage/showdetails/xplant_id/4595d7db5e25450b6071b36ba81e5af3
Inula racemosa Hook.f.,Found,https://www.medicinalplants.in/searchpage/showdetails/xplant_id/4595d7db5e25450b6071b36ba81e5af3
Inula racemosa.,Not Found,
Inula royleana DC,Found,https://www.medicinalplants.in/searchpage/showdetails/xplant_id/9c720ebab793f517c0a79126247a1b92
Brassica oleracea var. botrytis Linn.,Found,https://www.medicinalplants.in/searchpage/showdetails/xplant_id/7a5ddfa79ce48a4c186a981111f0ee93
Mentha spicata Linn. Emend. Nethh.,Found,https://www.medicinalplants.in/searchpage/showdetails/xplant_id/8562d20fe43df853f2084537e894be46
Mentha arvensis,Found,https://www.medicinalplants.in/searchpage/showdetails/xplant_id/56be43c50319a8a710457bf85835d944
Mentha longifolia,Found,https://www.medicinalplants.in/searchpage/showdetails/xplant_id/bdcf3a36a2c95f35bdd48d4f80ff222f
Santalum album,Found,https://www.medicinalplants.in/searchpage/showdetails/xplant_id/02a1bdae809d3173d78a248d4e65c0fe
Putranjiva roxburghii Wall.,Found,https://www.medicinalplants.in/searchpage/showdetails/xplant_id/17928fcffb05211bf2a50e20634bf2dd/xclkon/84adbed0a20d57bccc35fbabef337753
Putranjiva zeylanica Muell-Arg.,Found,https://www.medicinalplants.in/searchpage/showdetails/xplant_id/a3fdec531b0fdbc289419d1b9fdde245/xclkon/1d495346a5b4e637aab48b36d3df3942
Sida veronicaefolia Linn.,Found,https://www.medicinalplants.in/searchpage/showdetails/xplant_id/47d9f33c2a99b8b51b28030e753d04d0/xclkon/9c6177f2f60b2904e11a8cd2266f55ba
Asclepiadaceae - laticiferous plants,Not Found,
Phaseolus vulgaris Linn.,Not Found,
subsp. cylindrica (Linn.),Not Found,
subsp. sesquipedalis (Linn.),Not Found,
subsp. unguiculata,Not Found,
Vigna unguiculata (Linn.) Walp,Found,https://www.medicinalplants.in/searchpage/showdetails/xplant_id/c119f5f402c2eb87c8fbd6915b5bb359
Vigna unguiculata (Linn.) Walp.,Found,https://www.medicinalplants.in/searchpage/showdetails/xplant_id/c119f5f402c2eb87c8fbd6915b5bb359
Stephania japonica Miers.,Found,https://www.medicinalplants.in/searchpage/showdetails/xplant_id/41bb8e79ca9008863b51aee2e9b9ac0c
Stephania japonica Miers. Var discolor,Found,https://www.medicinalplants.in/searchpage/showdetails/xplant_id/41bb8e79ca9008863b51aee2e9b9ac0c
Stephania japonica Miers. Var japonica,Found,https://www.medicinalplants.in/searchpage/showdetails/xplant_id/41bb8e79ca9008863b51aee2e9b9ac0c
Prosopis cineraria Druce.,Found,https://www.medicinalplants.in/searchpage/showdetails/xplant_id/4aeec20f8a1c00709f2199482bfd71b2
Glycine max Merrill.,Not Found,
Brassica juncea Czern & Coss.,Found,https://www.medicinalplants.in/searchpage/showdetails/xplant_id/35b1b446f9c1865523515bc7cb4315ca
Pterocarpus santalinus,Found,https://www.medicinalplants.in/searchpage/showdetails/xplant_id/7ad2e15c6824666f30999d5a3856a7ab
Pterocarpus santalinus Linn. f.,Found,https://www.medicinalplants.in/searchpage/showdetails/xplant_id/7ad2e15c6824666f30999d5a3856a7ab
Pterocarpus santalinus Linn.f.,Found,https://www.medicinalplants.in/searchpage/showdetails/xplant_id/7ad2e15c6824666f30999d5a3856a7ab
Daemenorops draco Blume.,Not Found,
Daemenorops kurzianus Hook.f.,Not Found,
Jacobini tinctoria Henol.,Found,https://www.medicinalplants.in/searchpage/showdetails/xplant_id/7edbc25b9828e58bd093978857c6e254
Lycoprslcon esculentum Mill.,Not Found,
Nymphaea rubra Roxb.,Found,https://www.medicinalplants.in/searchpage/showdetails/xplant_id/0459d5bd9c193f238f01385c30b35165/xclkon/8c61940c2b90c0f19ac81e88fad98490
Nymphoea nouchali Burm. f.,Not Found,
Alpinia galanga Swartz.,Found,https://www.medicinalplants.in/searchpage/showdetails/xplant_id/f9eeb2fe2b90d2e709e35578cfac2019
Aristolochia bracteata,Found,https://www.medicinalplants.in/searchpage/showdetails/xplant_id/2516c519da6bdf64bc291cd56d62a0eb/xclkon/e73b845a0ee25891129c126cd14bfcb8
Blepharispermum subsessile DC.,Found,https://www.medicinalplants.in/searchpage/showdetails/xplant_id/7fbee11bc8def2f24d8ab3384a325323
Dodonaea viscosa Linn.,Found,https://www.medicinalplants.in/searchpage/showdetails/xplant_id/6ed481b13abdae12cba10ed644f0129b
Enicostema littoral Blume,Not Found,
Enicostema littorale Blume.,Not Found,
Inula racemosa Hook.,Found,https://www.medicinalplants.in/searchpage/showdetails/xplant_id/4595d7db5e25450b6071b36ba81e5af3
Lochnera rosea Reichb.,Found,https://www.medicinalplants.in/searchpage/showdetails/xplant_id/6d9f8e9bebdec421ee02eb5709bbca66/xclkon/8f8b3bf29623526b943200b3d53f7464
Pluchea lanceolata,Found,https://www.medicinalplants.in/searchpage/showdetails/xplant_id/01f48d7c7f63fb49ecdfc58d4d352ecf
Pluchea lanceolata C.B. Clarke,Found,https://www.medicinalplants.in/searchpage/showdetails/xplant_id/01f48d7c7f63fb49ecdfc58d4d352ecf
Pluchea lanceolata C.B. Clarke.,Found,https://www.medicinalplants.in/searchpage/showdetails/xplant_id/01f48d7c7f63fb49ecdfc58d4d352ecf
Pluchea lanceolata Oliver & Hiern.,Found,https://www.medicinalplants.in/searchpage/showdetails/xplant_id/01f48d7c7f63fb49ecdfc58d4d352ecf
Pluchea lanceolate C. B. Clarke.,Not Found,
Rauwolfia serpentina,Not Found,
Ruawolfia serpentina.,Not Found,
Saccolabium papillosum Lindl.,Found,https://www.medicinalplants.in/searchpage/showdetails/xplant_id/b60d4a176044f52bdb5f7b5be6f8744f/xclkon/a6f5abbc09888a2de62556dad917ec9d
Vanda roghurghii R. Br.,Not Found,
Vanda roxburghii R. Br.,Found,https://www.medicinalplants.in/searchpage/showdetails/xplant_id/b4a68ee7faf972769d84e5807bcc987a/xclkon/6580f6265ff0441d7228d3aca933d27f
Vanda tessellata Hook ex G.,Found,https://www.medicinalplants.in/searchpage/showdetails/xplant_id/b4a68ee7faf972769d84e5807bcc987a
Viola odorata Linn.,Found,https://www.medicinalplants.in/searchpage/showdetails/xplant_id/524b0a286fb3c9f2f9d9bd1222dc8459
Viscum album,Found,https://www.medicinalplants.in/searchpage/showdetails/xplant_id/e799e0b38df87f22dc8ff770325bd837
Viscum album Linn.,Found,https://www.medicinalplants.in/searchpage/showdetails/xplant_id/e799e0b38df87f22dc8ff770325bd837
Withania coagulens,Not Found,
Withania coagulens.,Not Found,
Allium ascalonium Linn.,Not Found,
Alkanna tinctoria,Found,https://www.medicinalplants.in/searchpage/showdetails/xplant_id/a25014088bd4db1fb9eedd9f62298c9f
Anemone obtusiloba D-Don,Not Found,
Clausena pentaphylla,Found,https://www.medicinalplants.in/searchpage/showdetails/xplant_id/7793bb750cb4d5f5ee0c830777a0e03d
Clausena pentaphylla D. C.,Found,https://www.medicinalplants.in/searchpage/showdetails/xplant_id/7793bb750cb4d5f5ee0c830777a0e03d
Geraneum wallichianum,Not Found,
Geraneum wallichianum Sw. Geran.,Not Found,
Onosma echioides,Found,https://www.medicinalplants.in/searchpage/showdetails/xplant_id/46afe71d910c8cee56ed1f20fba96d82
Onosma echioides Linn.,Found,https://www.medicinalplants.in/searchpage/showdetails/xplant_id/46afe71d910c8cee56ed1f20fba96d82
Potentilla nepalensis,Found,https://www.medicinalplants.in/searchpage/showdetails/xplant_id/b87b0fa94c9b0e00fed0a995ae86295b
Habenaria sp.,Not Found,
Peper cubeba,Not Found,
Vitex agnus costus,Not Found,
Selinum vaginatum Wall.,Not Found,
Gentiana sp.,Not Found,
Andropogon nardus Linn.,Found,https://www.medicinalplants.in/searchpage/showdetails/xplant_id/903e52187875a26d9d3555b5147d4043/xclkon/baba8fd400be51d59ccd7fde7bf38011
Andropogon nardus var. flexuosus Hack.,Found,https://www.medicinalplants.in/searchpage/showdetails/xplant_id/903e52187875a26d9d3555b5147d4043/xclkon/baba8fd400be51d59ccd7fde7bf38011
Andropogon schoenanthus var. caesius Hack.,Found,https://www.medicinalplants.in/searchpage/showdetails/xplant_id/6832715067741f6e9677f7944949e196/xclkon/b78ab2d7aa23228dcdc0c2721a3926ad
Andropogon schoenanthus var. martini Hook.f.,Found,https://www.medicinalplants.in/searchpage/showdetails/xplant_id/6832715067741f6e9677f7944949e196/xclkon/b78ab2d7aa23228dcdc0c2721a3926ad
Cymbopogon caesius Stapf,Not Found,
Cymbopogon martini (Roxb.) Wats,Found,https://www.medicinalplants.in/searchpage/showdetails/xplant_id/edab2a314693f3a25a21f493e238a418
Cymbopogon martini (Roxb.) Wats.,Found,https://www.medicinalplants.in/searchpage/showdetails/xplant_id/edab2a314693f3a25a21f493e238a418
Cymbopogon martinii (Roxb.),Not Found,
Cymbopogon schoenanthus Spreng.,Found,https://www.medicinalplants.in/searchpage/showdetails/xplant_id/42eb1f4dfa19373ba9487278c20f59f2
Tecoma undulata G. Don.,Found,https://www.medicinalplants.in/searchpage/showdetails/xplant_id/8b90e24bb8c514451b8da9271860c3e2/xclkon/ab9fbf4582fc880d27129a89dd0fff2d
Aphanamixis polystachia (Blatter.),Not Found,
Aphanamixis polystachya (Wall.) Parker,Found,https://www.medicinalplants.in/searchpage/showdetails/xplant_id/5df9f100e88b8d13c3436eb38e1c3ccf
Aphanamixis polystacia (Wall.) Parker.,Not Found,
Aphanamixis polystacia (Wall.) parker.,Not Found,
Maba nigrescens Dalz and Gibs.,Not Found,
Myristica Attenuata Wall.,Not Found,
Polygonum glabbrum Willd.,Not Found,
Rhamnus Wightii,Found,https://www.medicinalplants.in/searchpage/showdetails/xplant_id/7763cd826a319dae8fc34d064905a8a8
Tecoma undulata (G. Don.),Found,https://www.medicinalplants.in/searchpage/showdetails/xplant_id/8b90e24bb8c514451b8da9271860c3e2/xclkon/ab9fbf4582fc880d27129a89dd0fff2d
Tecomella undulata,Found,https://www.medicinalplants.in/searchpage/showdetails/xplant_id/8b90e24bb8c514451b8da9271860c3e2
Tecomella undulata (G. Don) Seem.,Found,https://www.medicinalplants.in/searchpage/showdetails/xplant_id/8b90e24bb8c514451b8da9271860c3e2
Tecomella undulata Seem.,Found,https://www.medicinalplants.in/searchpage/showdetails/xplant_id/8b90e24bb8c514451b8da9271860c3e2
Ventilago madraspatana Gaertn.,Found,https://www.medicinalplants.in/searchpage/showdetails/xplant_id/c06cc677ccb629a0b1943f094219fae3
Tecoma undulata,Found,https://www.medicinalplants.in/searchpage/showdetails/xplant_id/8b90e24bb8c514451b8da9271860c3e2/xclkon/ab9fbf4582fc880d27129a89dd0fff2d
Tecoma grandiflora Loisel,Found,https://www.medicinalplants.in/searchpage/showdetails/xplant_id/f466bf653e4f8e96ab85828b892facc3/xclkon/53cccff00eded096ad7b1ccec6fe6f9e
Withania coagulens Dunal,Not Found,
Miliusa velutina Hook.f. & Th.,Found,https://www.medicinalplants.in/searchpage/showdetails/xplant_id/4f467d0f495fbae9d7d1cedec1cbb437
Astragalus sp.,Not Found,
Capparis mooni,Found,https://www.medicinalplants.in/searchpage/showdetails/xplant_id/8e6d4df9c68f58a339901846ff2ed17f
Capparis moonii Wight.,Found,https://www.medicinalplants.in/searchpage/showdetails/xplant_id/8e6d4df9c68f58a339901846ff2ed17f
Cressa cretica Linn.,Found,https://www.medicinalplants.in/searchpage/showdetails/xplant_id/2d6f0df76153c62eca673c9808d33bb3
Cressa cretiea,Not Found,
Capparis roxburghii DC.,Found,https://www.medicinalplants.in/searchpage/showdetails/xplant_id/d4a33b327b00a983811a8e94a3d29e78
Lygodium sp.,Not Found,
Elaeocarpus ganitrus Roxb.,Found,https://www.medicinalplants.in/searchpage/showdetails/xplant_id/db00a5be8316e8113e129c02292d72e9/xclkon/bf20b7ae2571f24bbbd8e72f8aca685d
Elaeocorpus ganitrus Roxb.,Not Found,
Saponaria vaccaria Linn.,Not Found,
Lochnera rosea (Linn.) Reichb.,Found,https://www.medicinalplants.in/searchpage/showdetails/xplant_id/6d9f8e9bebdec421ee02eb5709bbca66/xclkon/8f8b3bf29623526b943200b3d53f7464
Lochnera pusilla (Murr.) K. Schum.,Found,https://www.medicinalplants.in/searchpage/showdetails/xplant_id/be52ef142a4bf30adacec5315f0ee7e5/xclkon/7b01c268d6be73ea6b355eb0cb9ecd6a
Acorus sp.,Not Found,
Vernonia cineria Less.,Not Found,
Parmelia perlata Ach.,Found,https://www.medicinalplants.in/searchpage/showdetails/xplant_id/51b266bd8a3811512899bf3fe93784d3
"Parmelia perlata, Ach.",Not Found,
Avicennia sp.,Not Found,
Barleria cristata Linn.,Found,https://www.medicinalplants.in/searchpage/showdetails/xplant_id/7c9347ebbda5326f27d945845f83bfb6
Barleria prionities Linn.,Not Found,
Barleria prionitis Linn.,Found,https://www.medicinalplants.in/searchpage/showdetails/xplant_id/359e4e4e55e6a9a1d18301597f89eea0
Barleria strigosa Willd.,Found,https://www.medicinalplants.in/searchpage/showdetails/xplant_id/4d44f2d69d2c726a843638429c67d3fb
Rhododendron falconeri Hook.,Not Found,
Barleria stigosa Linn.,Not Found,
Algae,Not Found,
Ceratophyllum demersum Linn.,Found,https://www.medicinalplants.in/searchpage/showdetails/xplant_id/882fdbde02cdc497d7a9a621b3dfa0c2
Potamogeton pectinatus Linn.,Not Found,
Zanichellia palustris Linn.,Not Found,
Tectona grandis Linn. f.,Found,https://www.medicinalplants.in/searchpage/showdetails/xplant_id/c9c2d547fb6e13de08f4c2496e77b596
Strebulus asper Lour.,Not Found,
Streblus asper Lour.,Found,https://www.medicinalplants.in/searchpage/showdetails/xplant_id/f4edbb3dc062cd9cf2e810d93a2163be
Shorea robusta Gaertn.,Found,https://www.medicinalplants.in/searchpage/showdetails/xplant_id/879ad1938f289a2bb39cd62cc8db3081
Terminalia alata Heyne ex Roth,Found,https://www.medicinalplants.in/searchpage/showdetails/xplant_id/86057de192d9bbcf3e44e0e5333f2b64
Desmodium gangeticum,Found,https://www.medicinalplants.in/searchpage/showdetails/xplant_id/71688619ee80ca1586b852585d848fdf
Desmodium polycarpum DC.,Found,https://www.medicinalplants.in/searchpage/showdetails/xplant_id/2cfc3494f999fcfc439fbd5a799ba54c/xclkon/3d40303a6310088431d67393c0e2cc40
Uraria hamosa Wall.,Found,https://www.medicinalplants.in/searchpage/showdetails/xplant_id/6a51729911963f4064aefbef2dd454a7/xclkon/06e274c6c293a5a52b1f3885c379e3ef
Brassica rapa Linn.,Found,https://www.medicinalplants.in/searchpage/showdetails/xplant_id/d6ba7db9ee3cf915fbea2fa92a30a73b
Alternanthera sessilis Br.,Found,https://www.medicinalplants.in/searchpage/showdetails/xplant_id/b1f3091dde540ab224f51a6d7eded07a
Boswellia serrata Roxb. Var. glabra,Found,https://www.medicinalplants.in/searchpage/showdetails/xplant_id/178cc9ad03d6f4d8fd4257d486c60e22/xclkon/4657546057a7a522681239099a690c16
Salmalia malabarica Schott & Endl.,Found,https://www.medicinalplants.in/searchpage/showdetails/xplant_id/f4df3d740a26f6ad1fc5eec095132bff/xclkon/3cb86cbdb9510e8b57bb03383599897d
Eriodendron anfructuosum DC.,Not Found,
Salmalia insignis (Wall.) Schott. & Endl.,Found,https://www.medicinalplants.in/searchpage/showdetails/xplant_id/b1dc01e870fe41f5c58d6ab70f240a47/xclkon/24f8445f30870d6c05957eb08be40323
Neptunia oleracea Lour.,Found,https://www.medicinalplants.in/searchpage/showdetails/xplant_id/660961673f8c6ebaad7e9fa0e1674c42
Loranthus sp.,Not Found,
Prosopis spicigera Linn.,Found,https://www.medicinalplants.in/searchpage/showdetails/xplant_id/4aeec20f8a1c00709f2199482bfd71b2/xclkon/477d0c454752dc64ea66edf61e0c0f1f
Prosopis stephaniana Kunth.,Not Found,
Lodoicea maldivica (Poir.) Pers.,Found,https://www.medicinalplants.in/searchpage/showdetails/xplant_id/770f328a0c95044142db38382574f2af
Salvia ptebeia,Not Found,
Crotalaria juncea Linn.,Found,https://www.medicinalplants.in/searchpage/showdetails/xplant_id/383535346e3b0c21480413dd41563a8b
Crotalaria verrucosa Linn.,Found,https://www.medicinalplants.in/searchpage/showdetails/xplant_id/979fbcac54e140940ee02b3a7f92d022
Indigofera pulchella Roxb.,Not Found,
Pogonia flabelliformis Lindl.,Not Found,
Canscora decussata Schult,Found,https://www.medicinalplants.in/searchpage/showdetails/xplant_id/2f376dc7bb61f9e88cb933a2e374fc1d
Canscora decussata Schult.,Found,https://www.medicinalplants.in/searchpage/showdetails/xplant_id/2f376dc7bb61f9e88cb933a2e374fc1d
Canscora diffusa R. Br.,Found,https://www.medicinalplants.in/searchpage/showdetails/xplant_id/b980ee74d14fdca6e2c6804db0287848
Clitorea ternatea Linn.,Not Found,
Convolvulus pluricaulis Chois,Found,https://www.medicinalplants.in/searchpage/showdetails/xplant_id/15bf037a82a5e4700c4d4b3e46e850f4/xclkon/bdc2865490e46667cb6360e791357097
Convolvulus pluricaulis Chois.,Found,https://www.medicinalplants.in/searchpage/showdetails/xplant_id/15bf037a82a5e4700c4d4b3e46e850f4/xclkon/bdc2865490e46667cb6360e791357097
Convolvulus sp.,Not Found,
Convovulus pluricaulis Chois.,Not Found,
Evolvulous alsinoides Linn.,Not Found,
Evolvulus alsinioides Linn.,Not Found,
Lavendula bipinnata,Not Found,
Andrographis sp.,Not Found,
Calonyction muricatum G. Don,Not Found,
Euphorbia dracunculoides Lam.,Found,https://www.medicinalplants.in/searchpage/showdetails/xplant_id/b55972fcf5e9efdd711a015e4ddfb5d5
Salacia chinensis Linn.,Found,https://www.medicinalplants.in/searchpage/showdetails/xplant_id/cf4333baf9e3d5b4cb931b2cc787e240
Acacia concinna D. C.,Found,https://www.medicinalplants.in/searchpage/showdetails/xplant_id/f07e3b8351810aafdef5ffd5c917230f/xclkon/a5a87d4f4fba45600d69867dfb39d481
Acacia concinna DC.,Found,https://www.medicinalplants.in/searchpage/showdetails/xplant_id/f07e3b8351810aafdef5ffd5c917230f/xclkon/a5a87d4f4fba45600d69867dfb39d481
Euphorbia dracunculoides,Found,https://www.medicinalplants.in/searchpage/showdetails/xplant_id/b55972fcf5e9efdd711a015e4ddfb5d5
Euphorbia royleana Boiss.,Found,https://www.medicinalplants.in/searchpage/showdetails/xplant_id/b7a93b1cb5aa11bdabb3db783e064edb
Euphorbia tirucalli Linn.,Found,https://www.medicinalplants.in/searchpage/showdetails/xplant_id/286afce510671abfbbf606395906a9c0
Alstonia scholaris R. Br.,Found,https://www.medicinalplants.in/searchpage/showdetails/xplant_id/ca05ad5b6726d1810b9927a421efeaad
Pinus roxburghii Sargent.,Found,https://www.medicinalplants.in/searchpage/showdetails/xplant_id/5c592c064b9567277c71857fa99918e3
Tephrosia purpurea (Linn.) Pers.,Found,https://www.medicinalplants.in/searchpage/showdetails/xplant_id/c8ed3ad40516a2873cf00155bc39949c
Tephrosia purpurea Pers.,Found,https://www.medicinalplants.in/searchpage/showdetails/xplant_id/c8ed3ad40516a2873cf00155bc39949c
Tephrosia candida DC.,Found,https://www.medicinalplants.in/searchpage/showdetails/xplant_id/4eedf36025f14af72691c7b1a267459a
Tephrosia procumbens Buch-Ham,Found,https://www.medicinalplants.in/searchpage/showdetails/xplant_id/aad7ccb1f4daaf79338d2734eef09598/xclkon/2b2278037e9d04a5feea28059913d1c3
Cryptolepis buchanana Roem & Schult.,Not Found,
Decalpis hamiltonii W. &  A.,Not Found,
Hamidesmus indicus,Not Found,
Hemidesmus indicus R. Br.,Found,https://www.medicinalplants.in/searchpage/showdetails/xplant_id/e2d232e3dcd00751bdf511c1ac0d0195
Ichnocarpus frutiscens R. B.,Not Found,
Vallaris solanacea,Found,https://www.medicinalplants.in/searchpage/showdetails/xplant_id/0c6b636f728d229222318d0f1987a3de
Cryptolepis buchanani Roem. and Schult.,Found,https://www.medicinalplants.in/searchpage/showdetails/xplant_id/84f2bf552fd2d53f622dea4e8ba0c0d2
Ichnocarpus fruitescens R. Br.,Not Found,
Shorea sp.,Not Found,
Terminalia tomentosa W. & A.,Found,https://www.medicinalplants.in/searchpage/showdetails/xplant_id/86057de192d9bbcf3e44e0e5333f2b64/xclkon/5cf3224103a3f496a17796df9c4cee99
Vateria indica Linn.,Found,https://www.medicinalplants.in/searchpage/showdetails/xplant_id/4cb53b81e86d019935c6dc402d6307ca
Vateria sp.,Not Found,
Dregia volubilis Benth.,Not Found,
Rauwolfia serpentina Benth ex. Kurz.,Not Found,
Ophiarrhiza Mungos Linn,Not Found,
Ophiorrhiza mungos Linn.,Found,https://www.medicinalplants.in/searchpage/showdetails/xplant_id/f4ae3036c3bc5d24c50cde781aa09fa9
Ophiorrhlza mungos.,Not Found,
Polygonum plebejum R. Br.,Not Found,
Brassica campestris Linn. Var. Sarson Prain,Found,https://www.medicinalplants.in/searchpage/showdetails/xplant_id/de2afdb402f93d318113fdb7598cc94f
Brassica campestris var. sarson Prain.,Found,https://www.medicinalplants.in/searchpage/showdetails/xplant_id/de2afdb402f93d318113fdb7598cc94f
Anethum sowa Kurz.,Found,https://www.medicinalplants.in/searchpage/showdetails/xplant_id/3efa0ff40e2008455f38ca54b509516b/xclkon/73fe95508eb3748b64dc894f48de58a4
Peucedanum graveolens,Found,https://www.medicinalplants.in/searchpage/showdetails/xplant_id/c394d40c4d2ae8fbf998c7b030253c17
Peucedanum graveolens Linn.,Found,https://www.medicinalplants.in/searchpage/showdetails/xplant_id/c394d40c4d2ae8fbf998c7b030253c17
"Asparagus curillis, Buch.-Ham",Not Found,
Asparagus filicinus Buch-Ham.,Found,https://www.medicinalplants.in/searchpage/showdetails/xplant_id/b9568828d9921ce92ddeb1f5b91e5d8f
Asparagus racemosus Willd.,Found,https://www.medicinalplants.in/searchpage/showdetails/xplant_id/739a42451fb9c14fd1f382b72baf507d
Asparagus sarmentosus Linn.,Found,https://www.medicinalplants.in/searchpage/showdetails/xplant_id/de94495a4d43cb4d8c640f4bcd1b7a1b
Asparagus filicinus Ham.,Found,https://www.medicinalplants.in/searchpage/showdetails/xplant_id/b9568828d9921ce92ddeb1f5b91e5d8f
Asparagus sarmentosa Linn.,Not Found,
Hedychium spicatium Buch-Ham.,Not Found,
Hedychium spicatum Ham. ex Smith.,Found,https://www.medicinalplants.in/searchpage/showdetails/xplant_id/86da902d72336fd05c674e47ca98f36c
Pisum arvense Linn.,Found,https://www.medicinalplants.in/searchpage/showdetails/xplant_id/8e337518dc894d8004c5f6f98471627f/xclkon/e53dc3fce7676307df5529301c369a32
Pisum sativum linn.,Found,https://www.medicinalplants.in/searchpage/showdetails/xplant_id/8e337518dc894d8004c5f6f98471627f
Pisum sativum Linn.,Found,https://www.medicinalplants.in/searchpage/showdetails/xplant_id/8e337518dc894d8004c5f6f98471627f
"subsp.sativum, covar.sativum",Not Found,
"subsp.sativum, covar.speciosum",Not Found,
Argemone mexicana Linn.,Found,https://www.medicinalplants.in/searchpage/showdetails/xplant_id/5e93a9d29c6a195665eb396e6fedb15e
Canabis indica,Not Found,
Sarcoetemma brevistigma,Not Found,
Berberis sp.,Not Found,
Zizyphus jujuba Mill.,Not Found,
Zizyphus sativa Gaertn.,Not Found,
Zizyphus vulgaris Lam.,Not Found,
Nyctanthes sp.,Not Found,
Symphorema sp.,Not Found,
Malus pumila Mill.,Found,https://www.medicinalplants.in/searchpage/showdetails/xplant_id/ebc61e9fd917afa9686a83901f4e38e7
Delonix elata,Found,https://www.medicinalplants.in/searchpage/showdetails/xplant_id/ff72525a4cbfadacf5864e7e479eae0f
Lagerstroemia indica Linn.,Found,https://www.medicinalplants.in/searchpage/showdetails/xplant_id/8b8aec06a93539cfad735c55ee4bd412
Moringa concanensis Nimmo,Found,https://www.medicinalplants.in/searchpage/showdetails/xplant_id/786351fdbb2de896617a4b2c7624b1ad
Moringa pterygosperma Gaertn.,Found,https://www.medicinalplants.in/searchpage/showdetails/xplant_id/4c45dd2346e183a1b3eb331f170875e4/xclkon/133bff390fc0bdf0183cb65fb14062f4
Liquidamber orientalis Miller.,Not Found,
Dalbergia sissoo Roxb.,Found,https://www.medicinalplants.in/searchpage/showdetails/xplant_id/8b1702840a38e125a4fffeb40a34820b
Dalbergia latifolia Roxb.,Found,https://www.medicinalplants.in/searchpage/showdetails/xplant_id/65729cfec46ebfbd5adf66058b28f6a4
Pyrus malus Linn.,Found,https://www.medicinalplants.in/searchpage/showdetails/xplant_id/ebc61e9fd917afa9686a83901f4e38e7/xclkon/ae2836a9459e730216e0cf14735f80dd
Vitex trifolia Linn.f.,Found,https://www.medicinalplants.in/searchpage/showdetails/xplant_id/bd8e4afac03c74f8418e456476456161
Bixa orellana Linn.,Found,https://www.medicinalplants.in/searchpage/showdetails/xplant_id/8d0812dcec1feb32e6de6d3d3f45f5c5
Eunymus tingens Wall.,Not Found,
Albizzia lebbeck Benth.,Not Found,
Albizzia odoratissima Benth.,Not Found,
Albizzia odorotissima Benth.,Not Found,
Ruta graveolens Linn.,Found,https://www.medicinalplants.in/searchpage/showdetails/xplant_id/b7bc9b346e478e08cc42a7c383541740
Ipomoea batatas (Linn.) Lam.,Found,https://www.medicinalplants.in/searchpage/showdetails/xplant_id/ba3c07ea37f43abafe116c5de420a02c
Annona squamosa Linn.,Found,https://www.medicinalplants.in/searchpage/showdetails/xplant_id/f44b0ac0cb0b9c0866aa5712899d702d
Stereospermum Tetragonum DC.,Found,https://www.medicinalplants.in/searchpage/showdetails/xplant_id/313938af7d4fee70d5638abc68208358/xclkon/80e9e02279c6d39c020f91ccdd2a8eca
Annona reticulata Linn.,Found,https://www.medicinalplants.in/searchpage/showdetails/xplant_id/486a1ff1f5fecf613cc97f73480b5840
Ipomoea eriocarpa R. Br.,Found,https://www.medicinalplants.in/searchpage/showdetails/xplant_id/9bc92c3119ea0723a250f849c17205c1
Ipomoea maxima (Linn.f.) G. Don.,Found,https://www.medicinalplants.in/searchpage/showdetails/xplant_id/e70ca93e1f2ff0bc86f0d7f2f9a66dfc/xclkon/f2b8c25324356021ca20630f258c5d67
Celosia argentia Var. cristata Voss.,Not Found,
Callicarpa sp.,Not Found,
Cordia dichotoma Forst. f.,Found,https://www.medicinalplants.in/searchpage/showdetails/xplant_id/e00f75276fae36521c4b35c368cf8393
Cordia mixa,Not Found,
Cordia myxa Roxb.,Found,https://www.medicinalplants.in/searchpage/showdetails/xplant_id/e00f75276fae36521c4b35c368cf8393/xclkon/32344fbcf54de972ab63217f147b3953
Cordia rotthii Roem. & Schult.,Not Found,
Cordia wallichii G. Don.,Found,https://www.medicinalplants.in/searchpage/showdetails/xplant_id/9b3a3c45b2b20ffface56d497b07d8b0
Typha sp.,Not Found,
Cordia rothii Roem Schult.,Found,https://www.medicinalplants.in/searchpage/showdetails/xplant_id/9458ee02ee2338b609e6bfb85b94c76e/xclkon/42ef131958dfa53f2118998227589500
Cordia Wallichii G. Don.,Found,https://www.medicinalplants.in/searchpage/showdetails/xplant_id/9b3a3c45b2b20ffface56d497b07d8b0
Euphorbia antiquorum Linn.,Found,https://www.medicinalplants.in/searchpage/showdetails/xplant_id/4d2cb44cd163454d6da065437a8434bf
Euphorbia neriifolia Linn.,Found,https://www.medicinalplants.in/searchpage/showdetails/xplant_id/24690dc57b78b6e616afd381ad275dfd
Euphorbia nevulia Buch.-Ham.,Not Found,
Euphorbia nivulia Buch-Ham,Found,https://www.medicinalplants.in/searchpage/showdetails/xplant_id/e43878eaf24531c77e3a4e6193e262b2
Euphorbia trigona Haw.,Found,https://www.medicinalplants.in/searchpage/showdetails/xplant_id/9b62b9d5ab60bd83b76e13a0f467a574
Amanita muscaria Linn.,Not Found,
Amanita muscaria.,Not Found,
Cannabis sativa.,Not Found,
Ephedra,Found,https://www.medicinalplants.in/searchpage/showdetails/xplant_id/4dc35ede014981b367c7c8982e4b4892
Ephedra gerardiana (Wall.) Stapf.,Found,https://www.medicinalplants.in/searchpage/showdetails/xplant_id/4dc35ede014981b367c7c8982e4b4892
Ephedra gerardiana Wall.,Found,https://www.medicinalplants.in/searchpage/showdetails/xplant_id/4dc35ede014981b367c7c8982e4b4892
Ephepra sp.,Not Found,
Peganum hermala,Not Found,
Periploca aphylla.,Not Found,
Rheum emodi.,Not Found,
Ruta graveolens.,Not Found,
Saccharum officinarum.,Not Found,
Sarcostemma acidum Voigt.,Found,https://www.medicinalplants.in/searchpage/showdetails/xplant_id/d9f128d8706fee68abedcdb44f709855
Sarcostemma acidum.,Not Found,
Sarcostemma Brevistigma W. & A.,Found,https://www.medicinalplants.in/searchpage/showdetails/xplant_id/d9f128d8706fee68abedcdb44f709855/xclkon/b401eba3bb6e9d125adf1db079e27366
Sarcostemma sp.,Not Found,
Vernonia anthelmintica Willd.,Found,https://www.medicinalplants.in/searchpage/showdetails/xplant_id/21e566ad80c6135f91fb60ec06d72722/xclkon/fcf45865a19d02817ced62a814450260
Vitis vinifera.,Not Found,
Mentha sylvestris.,Not Found,
Anisomelus malabarica,Not Found,
Delphinium brunonianum Royle.,Not Found,
Delphinium zalil Aitch & Hensl.,Found,https://www.medicinalplants.in/searchpage/showdetails/xplant_id/96595a69bde40d42e23be2e7e1c261c7/xclkon/396c50ac42b9ae625f8f9555879368a4
Delphinium zalil Aitch. and Hemsl.,Found,https://www.medicinalplants.in/searchpage/showdetails/xplant_id/96595a69bde40d42e23be2e7e1c261c7/xclkon/396c50ac42b9ae625f8f9555879368a4
Melitotus officinalis Linn.,Not Found,
Zizyphus oenophia Mill.,Not Found,
Trapa bispinosa Roxb.,Found,https://www.medicinalplants.in/searchpage/showdetails/xplant_id/799e694af67e27103923c13b96c17c88/xclkon/6cd791fd69e9053cf6cbcb60d3adf819
Trapa natans Linn. Var. bispinosa (Roxb.) Makino.,Found,https://www.medicinalplants.in/searchpage/showdetails/xplant_id/799e694af67e27103923c13b96c17c88
Trapa natans Linn. Var.bispinosa (Roxb.) Makino.,Found,https://www.medicinalplants.in/searchpage/showdetails/xplant_id/799e694af67e27103923c13b96c17c88
Aconite,Not Found,
Aconitum chasmanthum,Found,https://www.medicinalplants.in/searchpage/showdetails/xplant_id/bf27c32bc3526ce4bc9be16c6daad6ce
Asclepiadaceae,Not Found,
Taxus baccata,Found,https://www.medicinalplants.in/searchpage/showdetails/xplant_id/8aa31f676d373d439a844b0cfc081853/xclkon/88ff95e12ea175e96fff7c57b2563984
Alpinia speciosa K. Schum.,Found,https://www.medicinalplants.in/searchpage/showdetails/xplant_id/dd714a2fc3a5a3f503726b20f90f1c28/xclkon/af4cf18cffbff17956de0e3d1171d419
Zingiber zerumbet Rose ex Smith.,Found,https://www.medicinalplants.in/searchpage/showdetails/xplant_id/4b800151419af0fd49f87d8a46e1ce00
Atropa belladonna Linn.,Found,https://www.medicinalplants.in/searchpage/showdetails/xplant_id/0826c8e10244ecaaa1d384609904a397
Crinum latifolium Linn.,Found,https://www.medicinalplants.in/searchpage/showdetails/xplant_id/f0d167a2258d973b51d5a01bf9bf7e9d
Crinum asiaticum Linn.,Found,https://www.medicinalplants.in/searchpage/showdetails/xplant_id/8b2274b1e1269ea7ad2a8edda77c821d
Crinum defixum Ker-Gawl.,Found,https://www.medicinalplants.in/searchpage/showdetails/xplant_id/f98dd8e546b764d41dbf98c57619170d/xclkon/a876ff5e63a1fc44fed06ce5229cab7a
Cymbopogon jwarancusa Schult.,Found,https://www.medicinalplants.in/searchpage/showdetails/xplant_id/d19704d7822e4938d3d96660f76e7ddd
Corallocarpus epigaeus Benth. ex Hook. f.,Found,https://www.medicinalplants.in/searchpage/showdetails/xplant_id/b088cb551d11dd21380ebc54a81ccb68
Crotalaria laburaifolia,Not Found,
Ficus krishnae C. DC.,Not Found,
Marsilea minuta Linn.,Found,https://www.medicinalplants.in/searchpage/showdetails/xplant_id/9c15fb23de218f7f200e7f2d57247b9f
Marsilea quadrifolia,Found,https://www.medicinalplants.in/searchpage/showdetails/xplant_id/c9945fc62f09276aad3562d367dab6d6
Marsilia minuta Linn.,Not Found,
Marsilea quadrifolia Linn.,Found,https://www.medicinalplants.in/searchpage/showdetails/xplant_id/c9945fc62f09276aad3562d367dab6d6
Zingiber officinale Rosc.,Found,https://www.medicinalplants.in/searchpage/showdetails/xplant_id/694eea249cc0c04f6bb9bcc35a8ab92f
Zingiber officinale Roscoe,Found,https://www.medicinalplants.in/searchpage/showdetails/xplant_id/694eea249cc0c04f6bb9bcc35a8ab92f
Zingiber mioga Rosc.,Found,https://www.medicinalplants.in/searchpage/showdetails/xplant_id/dfa1a67ea2dd20a1a508cc8fedfb7dea
Zingiber zerumbet Rosc ex Sm.,Found,https://www.medicinalplants.in/searchpage/showdetails/xplant_id/4b800151419af0fd49f87d8a46e1ce00
Amorphophallus campanulatus Blume.,Found,https://www.medicinalplants.in/searchpage/showdetails/xplant_id/a8e45e0c947b54ff55829326cce9168e/xclkon/0c92e068c67a38f36a9c98751792431a
Amorphophallus campanulatus Blume. Var. blumei Pra,Found,https://www.medicinalplants.in/searchpage/showdetails/xplant_id/a8e45e0c947b54ff55829326cce9168e/xclkon/0c92e068c67a38f36a9c98751792431a
Mammea longifolia Planch & Triana.,Found,https://www.medicinalplants.in/searchpage/showdetails/xplant_id/20538932dc67840fe5313c4b4b3d8bb9/xclkon/0cba081211e98101038748f166dc0838
Mammea longifolia planch. & Triana.,Found,https://www.medicinalplants.in/searchpage/showdetails/xplant_id/20538932dc67840fe5313c4b4b3d8bb9/xclkon/0cba081211e98101038748f166dc0838
Clausena pentaphylla DC.,Found,https://www.medicinalplants.in/searchpage/showdetails/xplant_id/7793bb750cb4d5f5ee0c830777a0e03d
Ocimum sanctum,Found,https://www.medicinalplants.in/searchpage/showdetails/xplant_id/b3faedcb64cd0f9a51be4c9d54acaf69/xclkon/70fe8f0f9c2b14cf8f0862e6637ffe50
Malva rotundifolia Linn.,Found,https://www.medicinalplants.in/searchpage/showdetails/xplant_id/01a432273760799f30363f6cbe9c261a
Malva sylvestris Linn.,Not Found,
Euphorbia thomsoniana Boiss.,Found,https://www.medicinalplants.in/searchpage/showdetails/xplant_id/f6247acf4b9c1a98718e17c0a49d09be
Hemedesmus indicus,Not Found,
Smilax aspera Linn.,Found,https://www.medicinalplants.in/searchpage/showdetails/xplant_id/3188d3c5f03ff72765b541495de0e231
Smilax zeylanica Linn.,Found,https://www.medicinalplants.in/searchpage/showdetails/xplant_id/f8c507db66708c7e8fc120d10205596c
Mucuna pruriens DC.,Found,https://www.medicinalplants.in/searchpage/showdetails/xplant_id/8b22b64302e1857bf8ef9d889912e544
Cassia angustifolia Vahl.,Found,https://www.medicinalplants.in/searchpage/showdetails/xplant_id/43935e8d2aede8d6f69b22a7e157eba1/xclkon/4ebfdfa8bb171da203128b0e8add0ace
Ocimum canum Sims.,Found,https://www.medicinalplants.in/searchpage/showdetails/xplant_id/16562534d77643625eaab1f108606b1e
Ipomoea petaloidea Chois.,Found,https://www.medicinalplants.in/searchpage/showdetails/xplant_id/b11d6d5a8db2c5a1497cafc0eccc1511/xclkon/be30a0144281d371f0a0c4a732e3450d
Ipomoea petaloiodea Chois.,Not Found,
Echinochloa crus-galli Beauv.,Not Found,
Echinochloa frumentacea Link.,Found,https://www.medicinalplants.in/searchpage/showdetails/xplant_id/97f639ee183ac2a68331dc3b34623c1a
Echinochloa frumentacea Linn.,Found,https://www.medicinalplants.in/searchpage/showdetails/xplant_id/97f639ee183ac2a68331dc3b34623c1a
Echinochloa colonum Link,Not Found,
Oroxylan indicum,Not Found,
Oroxylum indicum Vent.,Found,https://www.medicinalplants.in/searchpage/showdetails/xplant_id/f41aa7d1c905dc82c023d554c64884a9
Orxylon indicum,Not Found,
Asarum europeum Linn.,Not Found,
Delphinium Burnonianum Royle.,Not Found,
Valeriana wallichii DC.,Found,https://www.medicinalplants.in/searchpage/showdetails/xplant_id/b3a8baa0289e77e7553be34f2edd76a3/xclkon/4c350576293cd1fc586d95682d8829ec
Nymphoides macrospermum Vasudevan.,Found,https://www.medicinalplants.in/searchpage/showdetails/xplant_id/d6ef1c79ba1e25e0911d92e149b3057c
Delphinium cashmarianum Royle.,Not Found,
Delphinium glaciale Hook.f. TH.,Found,https://www.medicinalplants.in/searchpage/showdetails/xplant_id/a4b6b6733d45fdaaf29f6915a1b715a2
Eucalyptus globulus Labill.,Found,https://www.medicinalplants.in/searchpage/showdetails/xplant_id/eeb0f6081ccf54f31818fe441d374ff7
Impatiens balsamina Linn.,Found,https://www.medicinalplants.in/searchpage/showdetails/xplant_id/cbd7b60cfa86f558434aa5eeb6d63886
Dactyloctanium aegyptium Beauv.,Not Found,
Borassus flabellifer Linn.,Found,https://www.medicinalplants.in/searchpage/showdetails/xplant_id/78fe60d026b1688e91cd99182827e1ff
Curculigo orchioides Gaertn.,Found,https://www.medicinalplants.in/searchpage/showdetails/xplant_id/9b3b2f091fce646055ab4609bbd38b03
Curculigo orchioides Geartn.,Found,https://www.medicinalplants.in/searchpage/showdetails/xplant_id/9b3b2f091fce646055ab4609bbd38b03
Abies webbiana,Found,https://www.medicinalplants.in/searchpage/showdetails/xplant_id/370db2f049bec54fb27849be813c4013/xclkon/d148c25ad7f691d99f422e93bdc70751
Abies webbiana Lindl.,Found,https://www.medicinalplants.in/searchpage/showdetails/xplant_id/370db2f049bec54fb27849be813c4013/xclkon/d148c25ad7f691d99f422e93bdc70751
Abies webbiana Lindle,Found,https://www.medicinalplants.in/searchpage/showdetails/xplant_id/370db2f049bec54fb27849be813c4013/xclkon/d148c25ad7f691d99f422e93bdc70751
Abies webbiana Lindle.,Found,https://www.medicinalplants.in/searchpage/showdetails/xplant_id/370db2f049bec54fb27849be813c4013/xclkon/d148c25ad7f691d99f422e93bdc70751
Flacourtia cataphracta,Found,https://www.medicinalplants.in/searchpage/showdetails/xplant_id/d39c57b5c8a2087f65aa443a7f693124/xclkon/e6dd14dbaf7214338e2d33554f3a4c05
Rhododendron anthopogan,Not Found,
Rhododendron anthopogon D. Don,Found,https://www.medicinalplants.in/searchpage/showdetails/xplant_id/392207e3c06b3995f04332d193c1dccd
Rhododendron anthopogon.D.Don.,Not Found,
Rhododendron campanulatum D. Don.,Not Found,
Rhododendron lepidotum Wall.,Not Found,
Garcinia morella Dsv.,Found,https://www.medicinalplants.in/searchpage/showdetails/xplant_id/a3e6f8691986cdca6ffe150c459f9754
Phyllanthus niruri Linn.,Found,https://www.medicinalplants.in/searchpage/showdetails/xplant_id/9e9ee1b9797378a2017dccfbe718c6dc/xclkon/c1665807fa241eb60cd019d4eae5d121
Nicotiana rustica Linn.,Not Found,
Nicotiana tabacum Linn.,Found,https://www.medicinalplants.in/searchpage/showdetails/xplant_id/804efeea6d3ce587dd4d1428888dcca0
Ventilago maderaspatana.,Not Found,
Pyrus communis Linn.,Found,https://www.medicinalplants.in/searchpage/showdetails/xplant_id/844e194a0f63eebbe594e253639aceff
Pyrus pyrifolia (Burm.f.),Not Found,
Physalis Minima,Found,https://www.medicinalplants.in/searchpage/showdetails/xplant_id/5ff9145d6e604e401343c4d074dd47fc
Rhus parviflora Roxb.,Found,https://www.medicinalplants.in/searchpage/showdetails/xplant_id/7a68946aaa43a558aa8ccce94d4252fe
Jasminum flexile Vahl.,Found,https://www.medicinalplants.in/searchpage/showdetails/xplant_id/062dcaaf6200c561de37c679c4c15dcc/xclkon/63f34fc5fd3a18c17f70a6aafa222e6f
Rosa centifolia Linn.,Found,https://www.medicinalplants.in/searchpage/showdetails/xplant_id/cf3f76e5710f9637fdfe23382653ef77
Dioscorea belophylla Voight,Found,https://www.medicinalplants.in/searchpage/showdetails/xplant_id/4daba113f453290ce1e9ededa3b91bd1
Maranta arundinacea Linn.,Found,https://www.medicinalplants.in/searchpage/showdetails/xplant_id/1ef3674b851bafc5cc4e79c5ffe69d09
Cinnammum wightii Meism.,Not Found,
Xanthoxylum sp.,Not Found,
Zanthoxylun armatum DC.,Not Found,
Zanthoxylun aconthopodium DC.,Not Found,
Zanthoxylun limonella (Dennst.) Alston,Not Found,
Zanthoxylum budrunga Wall.,Found,https://www.medicinalplants.in/searchpage/showdetails/xplant_id/fb7e054d1a2c7e1506b75ef28d3a5c74/xclkon/5a8737f8d71f77fe33c5cd4f8c550611
Zarthoxylum armatum DC.,Not Found,
Coptis teeta Wall.,Found,https://www.medicinalplants.in/searchpage/showdetails/xplant_id/2f162e4dceab9d1c0d1faf887e12a8f7
Sesamum indicum Linn.,Found,https://www.medicinalplants.in/searchpage/showdetails/xplant_id/705add10c81b2324e15906c748d395db
Sesamum tudicum,Not Found,
Guizotra abyssinica,Not Found,
Sesamum prostratum,Found,https://www.medicinalplants.in/searchpage/showdetails/xplant_id/d12e52421386bad107d4d18701b43845
Wendlandia exerta DC.,Found,https://www.medicinalplants.in/searchpage/showdetails/xplant_id/9c78e333205c61da25c0102a4df3de47/xclkon/54eece8cca7f92cef8d47bb014f174bb
Cleome viscosa Linn.,Found,https://www.medicinalplants.in/searchpage/showdetails/xplant_id/b7f630b552d8b61583d0338e65f95129
Gynandropsis gynanndra (Linn.) Briquet,Not Found,
Gynandropsis pentaphylla DC,Found,https://www.medicinalplants.in/searchpage/showdetails/xplant_id/be71e62bf02d88c81ae5ce1101fa92f6/xclkon/f821de3649c8eea1bb9d14596b384b8c
Gynandropsis pentaphylla DC.,Found,https://www.medicinalplants.in/searchpage/showdetails/xplant_id/be71e62bf02d88c81ae5ce1101fa92f6/xclkon/f821de3649c8eea1bb9d14596b384b8c
Viburnum nervosum D. Don,Found,https://www.medicinalplants.in/searchpage/showdetails/xplant_id/181fb5e912912dcca6a911b7318b2faf
Viburnum nervosum.D.Don.,Not Found,
Viburnum sp.,Not Found,
viburnum coriaceum Blume.,Not Found,
Avicenna officinalis Linn.,Not Found,
Citrullus vulgaris var. fistulosus (Stocks) D F,Found,https://www.medicinalplants.in/searchpage/showdetails/xplant_id/fedcd0fee4b5331cc829d963e3211312/xclkon/8ee01b3908df2caefad4c1ff14b5b896
Citrullus vulgaris var. fistulosus (Stocks)Duthie,Found,https://www.medicinalplants.in/searchpage/showdetails/xplant_id/fedcd0fee4b5331cc829d963e3211312/xclkon/8ee01b3908df2caefad4c1ff14b5b896
Hibiscus ficulnans (Linn.),Not Found,
Diospyros embryopteris Pers.,Found,https://www.medicinalplants.in/searchpage/showdetails/xplant_id/d3941028b6c5eefb0cce88aa2b672d52/xclkon/c8677d946f3b5713622cbf021911108b
Diospyros melanoxylon Roxb.,Found,https://www.medicinalplants.in/searchpage/showdetails/xplant_id/3e840519e9ad28aeb0760051b97213ec
Diospyros Peregrina (Gaertn) Gurke.,Found,https://www.medicinalplants.in/searchpage/showdetails/xplant_id/d3941028b6c5eefb0cce88aa2b672d52
Diospyros peregrina (Gaertn.) Guerke.,Found,https://www.medicinalplants.in/searchpage/showdetails/xplant_id/d3941028b6c5eefb0cce88aa2b672d52
Diospyros tomentosa Roxb.,Found,https://www.medicinalplants.in/searchpage/showdetails/xplant_id/2102c41baf782c0ba6d4e7576c8a6f05/xclkon/cc728dfa4dceec727a9d6a0784ccef4a
Lagerstroemia flos-reginae Retz.,Found,https://www.medicinalplants.in/searchpage/showdetails/xplant_id/68d8e18e3d38533f90e80c159a6dc8f5/xclkon/6781ba7d29cc29fae0a91e340419e751
Ougeinia dalbergioides Benth.,Found,https://www.medicinalplants.in/searchpage/showdetails/xplant_id/e7084a3daf2834d5df7afcfe80421299/xclkon/d780944b65730d491057e41d31d7106f
Ougenia oojeinensis (Roxb.) Hochr.,Not Found,
Rhus coriaria Linn.,Not Found,
Rhus parviflora,Found,https://www.medicinalplants.in/searchpage/showdetails/xplant_id/7a68946aaa43a558aa8ccce94d4252fe
Avicennia officinalis Linn,Found,https://www.medicinalplants.in/searchpage/showdetails/xplant_id/c98c9aa609e27c661c9007391ab11adf
Grewia optiva Drummond.,Found,https://www.medicinalplants.in/searchpage/showdetails/xplant_id/6a9ba5f60d638c3123d46f9fbfd01169
Lepidium iberis Linn.,Found,https://www.medicinalplants.in/searchpage/showdetails/xplant_id/397935253aeae41262bd8ea379f8bf46
Lepidium iberis Linn. var. alba,Found,https://www.medicinalplants.in/searchpage/showdetails/xplant_id/397935253aeae41262bd8ea379f8bf46
Delphinium Zalil Aitch.,Found,https://www.medicinalplants.in/searchpage/showdetails/xplant_id/96595a69bde40d42e23be2e7e1c261c7/xclkon/396c50ac42b9ae625f8f9555879368a4
Ficus heterophylla Linn.f.,Found,https://www.medicinalplants.in/searchpage/showdetails/xplant_id/ab6093455f79f04ea2477ec2861f6a4c
Gentiana Kurroo Royle,Found,https://www.medicinalplants.in/searchpage/showdetails/xplant_id/030b802608c0a351bd4a7f2a1c716cf0
Gentiana kurroo Royle.,Found,https://www.medicinalplants.in/searchpage/showdetails/xplant_id/030b802608c0a351bd4a7f2a1c716cf0
Gentiana olivieri Griseb.,Found,https://www.medicinalplants.in/searchpage/showdetails/xplant_id/3a1173338ce102678f92053ae94ff3ee
Thalictrum foliolosum DC.,Found,https://www.medicinalplants.in/searchpage/showdetails/xplant_id/8329dbfc329003a3b3ad1161608b00ac
Gentiana olivieri Griseb,Found,https://www.medicinalplants.in/searchpage/showdetails/xplant_id/3a1173338ce102678f92053ae94ff3ee
Acanthospermum sp.,Not Found,
Uraria lagopoides Desv.,Not Found,
Argyreia speciosa,Found,https://www.medicinalplants.in/searchpage/showdetails/xplant_id/607d1f5c66e7f3b95ed1190ae2e627e0/xclkon/fac1e9b33fbd53a0ab7b58344984a5b7
Marsdenia sp.,Not Found,
Marsdenia tenacissima W & A,Found,https://www.medicinalplants.in/searchpage/showdetails/xplant_id/55932a997069277821e1beb2addca1f5
Marsdenia tenassisimus,Not Found,
Operculina turpethum,Found,https://www.medicinalplants.in/searchpage/showdetails/xplant_id/9890fa63f0b4bfe4a0edb46f014acca3
Operculina turpethum (Linn.) Silva Manso,Found,https://www.medicinalplants.in/searchpage/showdetails/xplant_id/9890fa63f0b4bfe4a0edb46f014acca3
Vanda Rovburghii.,Not Found,
Morus alba Linn.,Found,https://www.medicinalplants.in/searchpage/showdetails/xplant_id/9ad2a56a28b798991edd21321202356a
Morus indica Griff.,Found,https://www.medicinalplants.in/searchpage/showdetails/xplant_id/42706b8c53e9046dc41149cd7267bb68/xclkon/905561313057d630b76bea3a474f74dd
Morus laevigata Wall. ex Brandis.,Not Found,
Morus nigra Linn.,Not Found,
Morus serrata Roxb.,Not Found,
Ocimum americanum Linn.,Found,https://www.medicinalplants.in/searchpage/showdetails/xplant_id/16562534d77643625eaab1f108606b1e
Zanthoxylum alatum Roxb.,Found,https://www.medicinalplants.in/searchpage/showdetails/xplant_id/ba6ce0418fd6ced2f262cc685713d229/xclkon/de237eed7c21d544ea2271d6bda89af9
Altingia excelsa Noronha,Found,https://www.medicinalplants.in/searchpage/showdetails/xplant_id/f4af82d565c7c2d688a4ffd18c5393d0
Liquidamber styracifolia Linn.,Not Found,
Styrax officinalis Linn.,Found,https://www.medicinalplants.in/searchpage/showdetails/xplant_id/fafc502b1c8908fa9c00e1e91da76370
Gynocardia odorata R. Br.,Found,https://www.medicinalplants.in/searchpage/showdetails/xplant_id/0b682b23be62586333f26e284d8be6c2
Hydnocarpus kurzii (King) Warb.,Found,https://www.medicinalplants.in/searchpage/showdetails/xplant_id/c978bf24ff9aa78a5834419188d62bbf
Hydnocarpus kurzii King.,Found,https://www.medicinalplants.in/searchpage/showdetails/xplant_id/c978bf24ff9aa78a5834419188d62bbf
Hydnocarpus laurifolia (Dennst) Sleumer.,Found,https://www.medicinalplants.in/searchpage/showdetails/xplant_id/11b926cc135658fac2c427ce4c420acc/xclkon/f349c1fb521ee086c4eb87d3b82c1309
Hydnocarpus laurifolia (Dennst.) Sleumer.,Found,https://www.medicinalplants.in/searchpage/showdetails/xplant_id/11b926cc135658fac2c427ce4c420acc/xclkon/f349c1fb521ee086c4eb87d3b82c1309
Hydnocarpus wightiana Blume,Found,https://www.medicinalplants.in/searchpage/showdetails/xplant_id/11b926cc135658fac2c427ce4c420acc/xclkon/e500d850d59145138a81017534588aa7
Cajanus cajan (Linn.) Mill sp.,Found,https://www.medicinalplants.in/searchpage/showdetails/xplant_id/56cace4947d620fcfd20cee3d4fdb047
Eruca sativa Mill.,Found,https://www.medicinalplants.in/searchpage/showdetails/xplant_id/3b849a4aa2deed808558ec37cedae016
Cinnamomum cassia,Found,https://www.medicinalplants.in/searchpage/showdetails/xplant_id/070a8611df63adbabc863c70655be9c5/xclkon/5150f3a5762515a27a654f409c8d32a9
Cinnamomum tamala Nees & Eberm.,Found,https://www.medicinalplants.in/searchpage/showdetails/xplant_id/a2f427bdd69c3196852735873010d367
Cinnamomum zeylanicum,Found,https://www.medicinalplants.in/searchpage/showdetails/xplant_id/c28e0da32f82e38f233cc690e98d4788/xclkon/f59272279166d0ad348cdd9da1c3f757
Cinnamomum zeylanicum Blume,Found,https://www.medicinalplants.in/searchpage/showdetails/xplant_id/c28e0da32f82e38f233cc690e98d4788/xclkon/f59272279166d0ad348cdd9da1c3f757
Cinnamomum zeylanicum Breyn.,Found,https://www.medicinalplants.in/searchpage/showdetails/xplant_id/c28e0da32f82e38f233cc690e98d4788/xclkon/f59272279166d0ad348cdd9da1c3f757
Blepharis boerhaavifolia Pers.,Not Found,
Blepharis edulis,Found,https://www.medicinalplants.in/searchpage/showdetails/xplant_id/227437f15c6d91028bd0133aa36f3fbf/xclkon/aa82610f0e0565403e7e74f762e713b5
Blepharis edulis Pers.,Found,https://www.medicinalplants.in/searchpage/showdetails/xplant_id/227437f15c6d91028bd0133aa36f3fbf/xclkon/aa82610f0e0565403e7e74f762e713b5
Blepharis indica,Found,https://www.medicinalplants.in/searchpage/showdetails/xplant_id/f26e83345d4bd48b94c40473889dbda3
Blepharis molluginifolia Pers.,Not Found,
Cyperus Sp.,Not Found,
Sterculia villosa Roxb.,Not Found,
Bauhinia variegata (A variety),Found,https://www.medicinalplants.in/searchpage/showdetails/xplant_id/48f469edb3ed892b684c9dcf655e843e
Paspalum scrobiculatum,Found,https://www.medicinalplants.in/searchpage/showdetails/xplant_id/afd4de13278615f13cf5bc7aa1c36ad2
Fagopyrum tataricum Gaertn.,Found,https://www.medicinalplants.in/searchpage/showdetails/xplant_id/16dba29598ef4204b7a6c4e803b3cc81
Ficus glomerata Roxb.,Found,https://www.medicinalplants.in/searchpage/showdetails/xplant_id/b22339bd7b08169fb15e7da6dfbc9aa7/xclkon/0a6fc1518f767f06ed6e96b6fa1bb8f8
Ficus racemosa Linn.,Found,https://www.medicinalplants.in/searchpage/showdetails/xplant_id/b22339bd7b08169fb15e7da6dfbc9aa7
Basella alba Linn.,Found,https://www.medicinalplants.in/searchpage/showdetails/xplant_id/dc724b30e3b50ec963273c176be1e6f5/xclkon/c14ef5ca09b567ef3d8312649dbbded8
Basella rubra Linn.,Found,https://www.medicinalplants.in/searchpage/showdetails/xplant_id/dc724b30e3b50ec963273c176be1e6f5
Dorema ammoniacum D. Don.,Found,https://www.medicinalplants.in/searchpage/showdetails/xplant_id/76be086f3aa543fbc83357c0fa53689e
Dorema amuoniacum D. Don.,Not Found,
Vetiveria zizanioides (Linn.) Nash,Found,https://www.medicinalplants.in/searchpage/showdetails/xplant_id/217b180c053684eecb846d14db4ddebd
Vetiveria zizanioides (Linn.) Wash.,Found,https://www.medicinalplants.in/searchpage/showdetails/xplant_id/217b180c053684eecb846d14db4ddebd
Vetiveria zizanioidis (Linn.) Nash.,Not Found,
Glinus oppositifolius,Found,https://www.medicinalplants.in/searchpage/showdetails/xplant_id/28c3dc1e341a3546b10d37e26e480b04
Nymphoea stellata Willd.,Not Found,
Pergularia extensa N. E. Br.,Found,https://www.medicinalplants.in/searchpage/showdetails/xplant_id/3b65c96aefba323b04e893b2f48c8bd9/xclkon/7d4db5872a4e19347d0f36a01d4b40f4
Echinops echinatus Roxb.,Found,https://www.medicinalplants.in/searchpage/showdetails/xplant_id/4517a64f6d5d32607bac9502312643b9
Acorus calamus Linn.,Found,https://www.medicinalplants.in/searchpage/showdetails/xplant_id/4c42343e33282874081eaac5c354dc2e
Iris kumaonensis Wall.,Not Found,
Paris polyphylla,Found,https://www.medicinalplants.in/searchpage/showdetails/xplant_id/51708232e57f53fb4580f867a845bc58
Paris polyphylla Sm.,Found,https://www.medicinalplants.in/searchpage/showdetails/xplant_id/51708232e57f53fb4580f867a845bc58
Mimosa hamata.,Not Found,
Pennisetum typhoides Burm.f.Stapf & Habbard,Not Found,
Amorphophalllus sylvaticus (Roxb.) Kunth,Not Found,
Plesmonium margaritiferum (Roxb.) Schott.,Not Found,
Coscinum ferestratum,Not Found,
Aerva javanica,Found,https://www.medicinalplants.in/searchpage/showdetails/xplant_id/6030ad577f0745e800703f22db3cdd78
Bambusa arundinacea Willd.,Found,https://www.medicinalplants.in/searchpage/showdetails/xplant_id/c1b3bf4ab82b51c86164353d81c0b5d6
Curcuma aromatica Salisb.,Found,https://www.medicinalplants.in/searchpage/showdetails/xplant_id/93ddd0ed462932400083818f60f06bd0
Piper sylvaticum Roxb.,Found,https://www.medicinalplants.in/searchpage/showdetails/xplant_id/fd0eb1636ac8c3f3684bd4da95fc9c42
Glinus sp.,Not Found,
Mollugo sp.,Not Found,
Podophyllum hexandrum Royle.,Found,https://www.medicinalplants.in/searchpage/showdetails/xplant_id/3c92bf1ce2c1338e2114f10dc835c2e6
Loranthus longiflorus Desr.,Found,https://www.medicinalplants.in/searchpage/showdetails/xplant_id/c90f8a2b28b3cbebb4cd1fb3068ad5a7/xclkon/821c2a98f003cd27fe4d9718022ac47c
Salix sp.,Not Found,
Randia sp.,Not Found,
Tacca aspera Roxb,Found,https://www.medicinalplants.in/searchpage/showdetails/xplant_id/4eae01bae77d3474410eee3844a23ae0/xclkon/219c67adddca069b4e42bb47b7d1de47
Tacca aspera Roxb.,Found,https://www.medicinalplants.in/searchpage/showdetails/xplant_id/4eae01bae77d3474410eee3844a23ae0/xclkon/219c67adddca069b4e42bb47b7d1de47
Echinochloa colonum Link.,Not Found,
Cinnamomum tamala Nees.,Found,https://www.medicinalplants.in/searchpage/showdetails/xplant_id/a2f427bdd69c3196852735873010d367
Cinnamomum zeylanicum Blume.,Found,https://www.medicinalplants.in/searchpage/showdetails/xplant_id/c28e0da32f82e38f233cc690e98d4788/xclkon/f59272279166d0ad348cdd9da1c3f757
Solanum melongena Linn.,Found,https://www.medicinalplants.in/searchpage/showdetails/xplant_id/a688dcbdec0758a9bc0ed6b2f1ec52fd
Crataeva nurvala Buch-Ham.,Found,https://www.medicinalplants.in/searchpage/showdetails/xplant_id/7e5ede302a183a350c8d4f403e31404e/xclkon/5aba6c71221a2fe36adc13ca390435a4
Crataeva nurvala Buch.-Ham.,Found,https://www.medicinalplants.in/searchpage/showdetails/xplant_id/7e5ede302a183a350c8d4f403e31404e/xclkon/5aba6c71221a2fe36adc13ca390435a4
Adhatoda vasica Nees.,Found,https://www.medicinalplants.in/searchpage/showdetails/xplant_id/6af02657ecf8d4b1d3e0f08206e91314/xclkon/a75a0c0270c6dc24e802cda3469d09fc
Adhatoda beddomei Clarke,Found,https://www.medicinalplants.in/searchpage/showdetails/xplant_id/408b4c4d43c5287670c593e0d995740c/xclkon/96313eaaec773d80c82da98b79c30bb5
Justicia gendarussa Linn. f.,Found,https://www.medicinalplants.in/searchpage/showdetails/xplant_id/ebe9cdee8d3de7da772f0fad90dede9d
Eleusine aegyptica Desf.,Not Found,
Chenopodium murale Linn.,Not Found,
Calotropis Gigantea,Found,https://www.medicinalplants.in/searchpage/showdetails/xplant_id/9154e8f7b6a3cdddea2f4dd0a1076f89
Premna barbata Wall.,Found,https://www.medicinalplants.in/searchpage/showdetails/xplant_id/e718dfa73689e820c75289c52d1bce2e
Trianthema sp.,Not Found,
Ficus bengalensis Linn.,Found,https://www.medicinalplants.in/searchpage/showdetails/xplant_id/86cd19a52dc5a7a46f7861db7b69d700
Prunus amygdalus Batsch.,Found,https://www.medicinalplants.in/searchpage/showdetails/xplant_id/7d57e91d4ba99981148afbcb8af8094c/xclkon/c5908bf1970dba1886a96f815d82cfbb
Prunus amygdalus Batsch. var amara,Found,https://www.medicinalplants.in/searchpage/showdetails/xplant_id/7d57e91d4ba99981148afbcb8af8094c/xclkon/c5908bf1970dba1886a96f815d82cfbb
Prunus amygdalus Batsch. var sativa,Found,https://www.medicinalplants.in/searchpage/showdetails/xplant_id/7d57e91d4ba99981148afbcb8af8094c/xclkon/c5908bf1970dba1886a96f815d82cfbb
Aconitum chasmanthum Stapf ex Holmes.,Found,https://www.medicinalplants.in/searchpage/showdetails/xplant_id/bf27c32bc3526ce4bc9be16c6daad6ce
Aconitum ferox,Found,https://www.medicinalplants.in/searchpage/showdetails/xplant_id/2217a3cdd6a7919990e703269ad854e3
Aconitum ferox Wall ex Seringe,Found,https://www.medicinalplants.in/searchpage/showdetails/xplant_id/2217a3cdd6a7919990e703269ad854e3
Aconitum balfourii Stapf.,Found,https://www.medicinalplants.in/searchpage/showdetails/xplant_id/2171f5daebdd37be529f3e85a0b3e021/xclkon/0a378cfc6071d1b3100cb095bc70ffc0
Aconitum deinorrhizum Stapf.,Found,https://www.medicinalplants.in/searchpage/showdetails/xplant_id/7d485d9c5de700655e48453e7a80d8b7
Aconitum falconeri Stapf.,Found,https://www.medicinalplants.in/searchpage/showdetails/xplant_id/9183e4e463bc7478af01c7a620136a51
Sida sp.,Not Found,
Setaria glauca Beauv.,Found,https://www.medicinalplants.in/searchpage/showdetails/xplant_id/b6db18b5cccaf1ed83f8ba600f049b4a
Salix acmophylla Boiss.,Not Found,
Salix alba Linn.,Not Found,
Salix caprea Linn.,Found,https://www.medicinalplants.in/searchpage/showdetails/xplant_id/93518f240ef096d5a6df872d11cab36c
Calamus sp.,Not Found,
Calamus tenuis,Found,https://www.medicinalplants.in/searchpage/showdetails/xplant_id/9684265bbdd694d429df0684f1b656c3
Calamus tenuis Roxb.,Found,https://www.medicinalplants.in/searchpage/showdetails/xplant_id/9684265bbdd694d429df0684f1b656c3
Embelia ribes Burm.,Found,https://www.medicinalplants.in/searchpage/showdetails/xplant_id/ef3d02489c5b96418e218dcefab7e885
Embelia ribes Burm.f.,Found,https://www.medicinalplants.in/searchpage/showdetails/xplant_id/ef3d02489c5b96418e218dcefab7e885
Embelia robusta C. B. Clarke,Not Found,
Embellia ribes,Not Found,
Embellia tsjeriam,Not Found,
Myrsine africana Linn.,Found,https://www.medicinalplants.in/searchpage/showdetails/xplant_id/7734aa94d23846889ada1e8d43673a50
Embelia tsjeriam-cottam A. DC.,Found,https://www.medicinalplants.in/searchpage/showdetails/xplant_id/a56c30202a8ee64633d5d9f4df537632
Dioscorea pentaphylla Linn.,Found,https://www.medicinalplants.in/searchpage/showdetails/xplant_id/73676cdc95b8b8b51037ca0b166808c6
Ipomoea digitata Linn.,Found,https://www.medicinalplants.in/searchpage/showdetails/xplant_id/0eea12e18ef517673797af576487de00/xclkon/637fda7ad883b696da4f83dfbb28faad
Ipomoea paniculata R. Br.,Found,https://www.medicinalplants.in/searchpage/showdetails/xplant_id/0eea12e18ef517673797af576487de00/xclkon/47f5ace321b1ada6084eee82a017716f
Lettsomia setosa Roxb.,Found,https://www.medicinalplants.in/searchpage/showdetails/xplant_id/19b26d637c9700cd448e8e1a5f3b01ce/xclkon/835397b5a119b56d9c405df9d8c12e5c
Pueraria tuberosa DC.,Found,https://www.medicinalplants.in/searchpage/showdetails/xplant_id/5e61a3ccb898ce34f62ec050b012b2f2
Pueraria tubersoa DC.,Not Found,
Barringtonia acutangula Gaertn,Found,https://www.medicinalplants.in/searchpage/showdetails/xplant_id/6e400ba7639ad39d4c014b5371b3fa8e
Flacourtia indica Merr.,Found,https://www.medicinalplants.in/searchpage/showdetails/xplant_id/0a51b919c7926844e164c464ec8d28e2
Flacourtia ramontchi L Herit.,Found,https://www.medicinalplants.in/searchpage/showdetails/xplant_id/13ca53d3c478a7b7ec4a2a99454f46d8
Gymnosporia spinosa (Forsk.) Fiori,Found,https://www.medicinalplants.in/searchpage/showdetails/xplant_id/58404bfed44cb6699fa1efc8821009da/xclkon/2a03328c206c3c13d1b4eb94cab05a0c
Prunus carasus,Not Found,
Prunus aloocha,Not Found,
Prunus communis,Found,https://www.medicinalplants.in/searchpage/showdetails/xplant_id/7d16ba6afd98028ff082f01e8c97fd18/xclkon/28ccf23205ffc54965024f78f318d039
Dichrostachys cinerea W. and A.,Found,https://www.medicinalplants.in/searchpage/showdetails/xplant_id/bc506e317ac312e5d6654450ed5c3f26
Dichrostachys cinerai W. & A.,Not Found,
Dichrostachys cineria W. & A.,Not Found,
Gloriosa superba,Found,https://www.medicinalplants.in/searchpage/showdetails/xplant_id/b974a750fdc40827fd7e167dcb88e2ba
Leptidinea reticulata.,Not Found,
Pergularia daemia (Forsk.) Chiov.,Found,https://www.medicinalplants.in/searchpage/showdetails/xplant_id/3b65c96aefba323b04e893b2f48c8bd9
Pergularia extensa N.E. Br.,Found,https://www.medicinalplants.in/searchpage/showdetails/xplant_id/3b65c96aefba323b04e893b2f48c8bd9/xclkon/7d4db5872a4e19347d0f36a01d4b40f4
Evolvulus alsinoides Linn.,Found,https://www.medicinalplants.in/searchpage/showdetails/xplant_id/21c00fe82db738aa6348ba257cd281e0
Euphorbia nerifolia,Not Found,
Ipomaea biloda,Not Found,
Ipomaea petaloidea,Not Found,
Argyreia speciosa Sweet.,Found,https://www.medicinalplants.in/searchpage/showdetails/xplant_id/607d1f5c66e7f3b95ed1190ae2e627e0/xclkon/fac1e9b33fbd53a0ab7b58344984a5b7
Ipomoea pes-caprae,Found,https://www.medicinalplants.in/searchpage/showdetails/xplant_id/cd17d767c8804c44d255f80bc72e82a7
Lettsomia setora Roxb.,Not Found,
Argyreia fulgens Choisy,Found,https://www.medicinalplants.in/searchpage/showdetails/xplant_id/b808a7d1ab15006bdf349463cee877e5
Argyreia malabarica Choisy,Found,https://www.medicinalplants.in/searchpage/showdetails/xplant_id/423f3725c7db83c8cf32efc33e407ee4
Garcinia indica Chois.,Found,https://www.medicinalplants.in/searchpage/showdetails/xplant_id/09d1703fdd745c90602cb35cffbba7a7
Solanum melongena Linn. Var. depressum,Found,https://www.medicinalplants.in/searchpage/showdetails/xplant_id/a688dcbdec0758a9bc0ed6b2f1ec52fd
Solanum melongena Linn. Var. incanum,Found,https://www.medicinalplants.in/searchpage/showdetails/xplant_id/a688dcbdec0758a9bc0ed6b2f1ec52fd
Solanum melongena Linn. Var. melongena,Found,https://www.medicinalplants.in/searchpage/showdetails/xplant_id/a688dcbdec0758a9bc0ed6b2f1ec52fd
Solanum melongena Linn. Var. serpentinum,Found,https://www.medicinalplants.in/searchpage/showdetails/xplant_id/a688dcbdec0758a9bc0ed6b2f1ec52fd
Girardenia heterophylla Decne,Not Found,
Girardenia heterophylla Dene.,Not Found,
Girardinia teterophylla Decne.,Not Found,
Pergnlaria extensa,Not Found,
Tragia involucrata Linn.,Found,https://www.medicinalplants.in/searchpage/showdetails/xplant_id/203d31d36424aa51a59e67b391b11cd2
Urtica dioica Linn.,Found,https://www.medicinalplants.in/searchpage/showdetails/xplant_id/585a92dc3364bcf9e36bc6ff58291de1
Glycyrrhiza glabra Linn. var. glandulifera Waldst.,Found,https://www.medicinalplants.in/searchpage/showdetails/xplant_id/dac1a2e0cbaf230775c55a864aa5eaed
Glycyrrhiza glabra Linn. var. typica Regel & Herd.,Found,https://www.medicinalplants.in/searchpage/showdetails/xplant_id/dac1a2e0cbaf230775c55a864aa5eaed
Glycyrrhiza glabra Linn. var. violacea Boiss.,Found,https://www.medicinalplants.in/searchpage/showdetails/xplant_id/dac1a2e0cbaf230775c55a864aa5eaed
Hordeum vulgare Linn.,Found,https://www.medicinalplants.in/searchpage/showdetails/xplant_id/027f16366dcc94147b4b9c8fc0bd09ee
Carum copticum Benth. Hook.f.,Found,https://www.medicinalplants.in/searchpage/showdetails/xplant_id/30456577a3723bdb91e400b8b7993f8c/xclkon/b9563e0efa57c18349269948ab02c075
Trachyspermum ammi (Linn.) Sprague,Found,https://www.medicinalplants.in/searchpage/showdetails/xplant_id/30456577a3723bdb91e400b8b7993f8c
Alhagi camelorum Fisch.,Found,https://www.medicinalplants.in/searchpage/showdetails/xplant_id/52bffa110beee75c92ccb1744d96145e/xclkon/4d3fb45063f05be383f4e65997e0c154
Alhagi psudalhagi (Bieb.) Desv.,Not Found,
Andrographis paniculata  nees.,Found,https://www.medicinalplants.in/searchpage/showdetails/xplant_id/74fd26aaa5ce2fc2932d2d8056aaf796
erythraea roxburghii G. Don.,Found,https://www.medicinalplants.in/searchpage/showdetails/xplant_id/45ee92f9353217d7b2f65d20ff42ed68/xclkon/21ae8e6aae44d0fa4bd84b818cd833ec
Avena byzantina C. Koch.,Not Found,
Jasminum auriculatum Vahl.,Found,https://www.medicinalplants.in/searchpage/showdetails/xplant_id/521667df5d056ab61748974be037e097
Rhinacanthus nasuta Kurz.,Found,https://www.medicinalplants.in/searchpage/showdetails/xplant_id/8fed9b52bb4c1275b5366616ad17b2f6
